ciudad,fecha,indicativo,p_max,n_cub,hr,n_gra,n_fog,inso,q_max,nw_55,q_mar,q_med,tm_min,ta_max,ts_min,nt_30,nv_0050,n_des,w_racha,np_100,n_nub,p_sol,nw_91,np_001,ta_min,w_rec,e,np_300,nv_1000,evap,p_mes,n_llu,n_tor,w_med,nt_00,ti_max,n_nie,tm_mes,tm_max,nv_0100,q_min,np_010,glo
Cordoba,1990-1,5402,21.3(27),8.0,77.0,0.0,1.0,6.0,1026.2(21),1.0,1026.5,1015.2,4.3,17.2(27),11.8,0.0,0.0,13.0,24/18.1(31),3.0,10.0,60.0,0.0,9.0,-1.4(23),173.0,95.0,0.0,0.0,441.0,73.6,9.0,0.0,7.0,1.0,11.6,0.0,9.6,14.8,0.0,996.5(28),8.0,
Cordoba,1990-2,5402,0.0(--),1.0,71.0,0.0,6.0,8.2,1023.3(23),0.0,1025.8,1014.7,5.5,25.0(24),10.0,0.0,0.0,10.0,24/11.4(12),0.0,17.0,76.0,0.0,0.0,1.6(16),124.0,111.0,0.0,5.0,615.0,0.0,0.0,1.0,6.0,0.0,12.4,0.0,13.0,20.4,0.0,1005.7(16),0.0,
Cordoba,1990-3,5402,9.2(31),6.0,60.0,0.0,0.0,6.0,1021.2(20),,1024.1,1013.1,7.9,28.6(22),13.6,0.0,0.0,9.0,,0.0,16.0,50.0,,9.0,1.0(28),,105.0,0.0,0.0,1173.0,20.7,9.0,1.0,12.0,0.0,14.0,0.0,14.8,21.8,0.0,1002.2(31),5.0,
Cordoba,1990-4,5402,28.2(01),5.0,64.0,1.0,0.0,7.4,1014.9(18),,1015.7,1004.8,8.7,26.0(17),13.8,0.0,0.0,5.0,,4.0,20.0,56.0,,13.0,2.4(22),219.0,111.0,0.0,1.0,1055.0,119.3,14.0,6.0,12.0,0.0,16.2,0.0,14.8,21.0,0.0,990.9(06),12.0,
Cordoba,1990-5,5402,1.1(12),0.0,57.0,0.0,0.0,10.5,1012.5(28),0.0,1015.9,1005.2,12.4,34.0(30),17.4,9.0,0.0,10.0,21/15.0(12),0.0,21.0,74.0,0.0,1.0,9.8(08),217.0,146.0,0.0,0.0,2012.0,1.1,1.0,0.0,9.0,0.0,22.0,0.0,20.3,28.1,0.0,998.7(09),1.0,
Cordoba,1990-6,5402,0.0(--),0.0,53.0,0.0,0.0,11.3,1008.7(26),0.0,1015.3,1004.8,15.6,38.4(24),19.6,23.0,0.0,12.0,25/12.8(04),0.0,18.0,76.0,0.0,0.0,12.2(06),287.0,167.0,0.0,0.0,2829.0,0.0,0.0,0.0,13.0,0.0,27.0,0.0,23.9,32.1,0.0,1000.0(04),0.0,
Cordoba,1990-7,5402,1.8(27),0.0,42.0,0.0,0.0,11.5,1010.0(29),,1015.2,1004.9,19.5,43.0(24),22.8,31.0,0.0,24.0,,0.0,7.0,79.0,,1.0,15.2(01),,176.0,0.0,0.0,3350.0,1.8,1.0,0.0,9.0,0.0,32.2,0.0,28.8,38.1,0.0,998.6(18),1.0,
Cordoba,1990-8,5402,1.6(19),0.0,47.0,0.0,0.0,10.8,1011.0(05),,1016.2,1005.8,19.6,41.2(04),22.4,31.0,0.0,23.0,,0.0,8.0,79.0,,1.0,16.2(31),,182.0,0.0,0.0,2545.0,1.6,2.0,2.0,10.0,0.0,32.4,0.0,28.4,37.2,0.0,999.0(07),1.0,
Cordoba,1990-9,5402,9.0(08),5.0,55.0,0.0,0.0,7.1,1013.2(27),1.0,1016.1,1005.6,18.9,37.4(05),22.4,26.0,0.0,7.0,20/19.4(17),0.0,18.0,57.0,0.0,5.0,13.4(22),193.0,185.0,0.0,0.0,1657.0,11.8,7.0,1.0,8.0,0.0,27.4,0.0,25.8,32.8,0.0,1000.0(04),3.0,
Cordoba,1990-10,5402,30.7(18),12.0,71.0,0.0,0.0,5.5,1010.6(13),,1015.9,1005.1,13.3,31.0(01),18.4,3.0,0.0,4.0,,3.0,15.0,48.0,,11.0,8.4(10),,155.0,1.0,0.0,1031.0,115.5,14.0,2.0,10.0,0.0,16.8,0.0,18.6,23.9,0.0,995.2(21),10.0,
Cordoba,1990-11,5402,34.6(07),6.0,79.0,0.0,5.0,6.4,,,,,6.9,24.0(17),14.4,0.0,,8.0,,4.0,16.0,63.0,,9.0,-0.6(29),164.0,119.0,1.0,,430.0,85.0,10.0,0.0,6.0,2.0,12.0,0.0,12.5,18.2,,,6.0,
Cordoba,1990-12,5402,6.3(25),15.0,81.0,0.0,8.0,3.8,1018.9(25),,1020.9,1009.7,3.9,17.0(29),10.4,0.0,0.0,5.0,,0.0,11.0,40.0,,9.0,-1.4(13),160.0,97.0,0.0,6.0,393.0,16.9,11.0,0.0,8.0,7.0,9.4,0.0,8.8,13.7,0.0,994.6(08),5.0,
Cordoba,1990-13,5402,34.6(07/nov),58.0,63.0,1.0,20.0,7.9,,,,,11.4,43.0(24/jul),22.8,123.0,,130.0,,14.0,177.0,63.0,,68.0,-1.4(23/ene),,137.0,2.0,,17531.0,447.3,78.0,13.0,9.0,10.0,9.4,0.0,18.3,25.2,,,52.0,
Cordoba,1991-1,5402,14.0(11),6.0,78.0,0.0,5.0,5.7,1024.0(05),,1026.0,1014.7,2.8,18.8(10),12.2,0.0,0.0,7.0,,1.0,18.0,57.0,,8.0,-2.0(31),152.0,92.0,0.0,5.0,449.0,28.8,8.0,0.0,7.0,9.0,9.2,0.0,8.6,14.5,0.0,1006.7(24),7.0,
Cordoba,1991-2,5402,39.7(17),9.0,80.0,0.0,4.0,4.7,1019.3(23),0.0,1019.3,1008.1,3.9,20.6(24),9.0,0.0,1.0,2.0,05/12.8(17),5.0,17.0,43.0,0.0,12.0,-1.6(03),197.0,96.0,1.0,2.0,342.0,133.3,13.0,0.0,8.0,7.0,6.4,0.0,8.9,13.9,0.0,987.7(19),11.0,
Cordoba,1991-3,5402,39.7(12),12.0,75.0,0.0,0.0,4.9,1019.1(19),,1013.2,1002.2,8.3,26.4(20),12.6,0.0,0.0,0.0,,6.0,19.0,41.0,,11.0,4.0(02),,120.0,2.0,0.0,548.0,152.9,13.0,3.0,10.0,0.0,14.0,0.0,13.5,18.8,0.0,971.7(07),10.0,
Cordoba,1991-4,5402,4.8(16),3.0,61.0,0.0,2.0,8.3,1015.6(06),,1017.6,1006.7,7.7,30.0(30),12.6,1.0,0.0,5.0,,0.0,22.0,62.0,,8.0,3.0(27),,107.0,0.0,1.0,1129.0,16.7,8.0,1.0,13.0,0.0,17.6,0.0,14.9,22.1,0.0,997.6(17),5.0,
Cordoba,1991-5,5402,9.5(31),1.0,48.0,0.0,0.0,10.4,1019.1(22),3.0,1016.9,1006.2,9.3,34.8(24),16.0,15.0,0.0,11.0,29/16.9(08),0.0,19.0,73.0,0.0,1.0,2.4(09),214.0,113.0,0.0,0.0,2025.0,9.5,1.0,1.0,12.0,0.0,19.0,0.0,18.6,27.9,0.0,998.2(08),1.0,
Cordoba,1991-6,5402,9.1(01),2.0,52.0,0.0,0.0,10.3,1011.4(23),,1015.7,1005.2,16.5,40.6(25),19.8,23.0,0.0,14.0,,0.0,14.0,70.0,,3.0,12.4(11),232.0,173.0,0.0,0.0,2112.0,10.6,3.0,2.0,12.0,0.0,25.2,0.0,25.1,33.6,0.0,998.5(14),1.0,
Cordoba,1991-7,5402,0.0(--),0.0,48.0,0.0,0.0,11.1,1011.5(07),1.0,1014.8,1004.4,18.7,44.4(14),24.0,29.0,0.0,18.0,20/15.6(18),0.0,13.0,76.0,0.0,0.0,13.0(30),235.0,190.0,0.0,0.0,2760.0,0.0,2.0,0.0,12.0,0.0,28.4,0.0,27.9,37.1,0.0,995.3(14),0.0,
Cordoba,1991-8,5402,0.0(--),0.0,44.0,0.0,0.0,10.3,1009.0(03),,1015.3,1004.9,19.4,44.4(06),23.6,31.0,0.0,19.0,,0.0,12.0,76.0,,0.0,16.2(01),,174.0,0.0,0.0,3208.0,0.0,1.0,0.0,13.0,0.0,33.0,0.0,28.8,38.3,0.0,1000.0(06),0.0,
Cordoba,1991-9,5402,66.0(05),2.0,55.0,0.0,1.0,8.1,1011.3(07),,1016.1,1005.5,17.6,39.8(19),22.4,23.0,0.0,13.0,,3.0,15.0,65.0,,6.0,9.4(27),,173.0,2.0,1.0,1889.0,108.4,6.0,3.0,9.0,0.0,18.6,0.0,24.9,32.3,0.0,993.4(29),3.0,
Cordoba,1991-10,5402,26.3(25),7.0,73.0,0.0,6.0,6.2,1014.0(03),0.0,1016.8,1006.0,10.7,30.2(06),16.0,2.0,0.0,10.0,22/12.2(11),4.0,14.0,55.0,0.0,11.0,5.0(21),143.0,139.0,0.0,5.0,830.0,102.8,11.0,3.0,8.0,0.0,14.8,0.0,16.3,21.9,0.0,993.9(10),7.0,
Cordoba,1991-11,5402,24.0(30),5.0,72.0,0.0,0.0,6.4,1020.7(07),,1021.2,1010.0,5.6,24.4(02),13.4,0.0,0.0,10.0,,2.0,15.0,62.0,,7.0,-1.0(23),,106.0,0.0,0.0,661.0,43.4,8.0,0.0,,3.0,13.2,0.0,12.1,18.5,0.0,1000.8(30),5.0,
Cordoba,1991-12,5402,14.0(14),9.0,78.0,0.0,2.0,4.7,1024.5(21),0.0,1026.1,1014.9,5.2,19.5(05),11.2,0.0,0.0,14.0,07/9.7(23),1.0,8.0,49.0,0.0,7.0,-0.7(28),140.0,101.0,0.0,1.0,445.0,25.8,8.0,0.0,7.0,4.0,11.8,0.0,10.4,15.6,0.0,1002.6(01),3.0,
Cordoba,1991-13,5402,66.0(05/sep),56.0,64.0,0.0,20.0,7.6,1024.5(21/dic),,1018.3,1007.4,10.5,44.4(14/jul),24.0,124.0,1.0,123.0,,22.0,186.0,61.0,,74.0,-2.0(31/ene),,132.0,5.0,15.0,16398.0,632.2,82.0,13.0,,23.0,6.4,0.0,17.5,24.5,0.0,971.7(07/mar),53.0,
Cordoba,1992-1,5402,2.1(09),5.0,69.0,0.0,3.0,5.6,1024.4(02),,1025.8,1014.4,0.8,17.6(30),8.0,0.0,0.0,18.0,,0.0,8.0,56.0,,5.0,-6.4(23),,75.0,0.0,2.0,579.0,4.6,5.0,0.0,9.0,17.0,7.4,0.0,7.3,13.8,0.0,1005.1(21),3.0,
Cordoba,1992-2,5402,42.7(19),7.0,66.0,0.0,2.0,6.8,1020.5(13),,1025.1,1013.8,2.3,21.6(06),7.6,0.0,0.0,15.0,,2.0,7.0,63.0,,7.0,-4.4(04),,85.0,1.0,2.0,699.0,69.2,7.0,0.0,7.0,8.0,11.0,0.0,10.0,17.6,0.0,1000.9(19),4.0,
Cordoba,1992-3,5402,28.8(30),6.0,61.0,0.0,0.0,6.6,1022.8(10),4.0,1020.4,1009.4,5.8,29.8(22),10.6,0.0,0.0,14.0,23/23.1(30),1.0,11.0,54.0,0.0,4.0,-2.0(26),208.0,97.0,0.0,0.0,1294.0,32.3,5.0,1.0,10.0,1.0,16.0,0.0,13.6,21.5,0.0,989.0(31),2.0,
Cordoba,1992-4,5402,40.4(02),6.0,58.0,0.0,1.0,9.2,1020.6(17),1.0,1016.4,1005.5,8.6,31.5(27),11.2,3.0,0.0,13.0,25/16.4(02),4.0,11.0,69.0,0.0,5.0,5.0(06),223.0,110.0,1.0,1.0,1372.0,96.1,5.0,1.0,11.0,0.0,14.4,0.0,16.3,24.0,0.0,991.6(04),5.0,
Cordoba,1992-5,5402,17.2(23),4.0,53.0,0.0,0.0,8.5,1012.9(16),3.0,1016.1,1005.4,12.8,35.0(18),17.0,12.0,0.0,6.0,36/20.6(20),1.0,21.0,60.0,0.0,5.0,7.0(04),200.0,133.0,0.0,0.0,1924.0,29.0,8.0,2.0,12.0,0.0,20.6,0.0,20.7,28.6,0.0,999.2(20),4.0,
Cordoba,1992-6,5402,43.0(21),5.0,62.0,0.0,1.0,7.6,1010.0(05),,1014.9,1004.2,13.9,33.8(27),17.0,5.0,0.0,5.0,,4.0,20.0,52.0,,13.0,9.2(05),246.0,149.0,1.0,1.0,1501.0,122.5,14.0,7.0,12.0,0.0,20.6,0.0,20.2,26.6,0.0,998.2(14),11.0,
Cordoba,1992-7,5402,0.3(15),0.0,43.0,0.0,0.0,11.3,1009.8(17),0.0,1015.2,1004.8,17.9,41.5(28),22.2,31.0,0.0,20.0,35/13.9(15),0.0,11.0,78.0,0.0,1.0,13.4(02),156.0,161.0,0.0,0.0,2668.0,0.3,3.0,0.0,8.0,0.0,30.4,0.0,27.4,36.8,0.0,998.2(05),0.0,
Cordoba,1992-8,5402,1.2(28),0.0,43.0,0.0,0.0,10.4,1010.5(26),1.0,1016.0,1005.6,18.6,43.1(24),26.4,30.0,0.0,15.0,25/15.6(19),0.0,16.0,76.0,0.0,1.0,12.4(30),170.0,158.0,0.0,0.0,3082.0,1.2,3.0,1.0,10.0,0.0,27.4,0.0,27.8,37.0,0.0,1001.0(07),1.0,
Cordoba,1992-9,5402,20.6(26),1.0,48.0,0.0,0.0,8.9,1013.8(02),1.0,1017.4,1006.8,14.9,40.8(15),19.2,22.0,0.0,18.0,24/18.6(25),1.0,11.0,71.0,0.0,2.0,10.4(23),129.0,138.0,0.0,0.0,2311.0,29.1,2.0,1.0,8.0,0.0,20.4,0.0,23.8,32.7,0.0,998.7(26),2.0,
Cordoba,1992-10,5402,54.0(18),10.0,72.0,0.0,0.0,5.5,1016.5(24),2.0,1014.9,1004.0,10.3,32.2(02),15.6,3.0,0.0,8.0,29/19.2(30),4.0,13.0,49.0,0.0,13.0,5.0(22),190.0,132.0,1.0,0.0,944.0,133.7,14.0,3.0,8.0,0.0,15.2,0.0,16.0,21.7,0.0,987.5(16),8.0,
Cordoba,1992-11,5402,4.3(15),1.0,74.0,0.0,3.0,7.1,1022.5(25),0.0,1025.1,1014.0,5.9,24.2(05),10.2,0.0,0.0,13.0,06/9.2(07),0.0,16.0,70.0,0.0,2.0,1.2(30),100.0,115.0,0.0,3.0,544.0,5.2,2.0,0.0,5.0,0.0,15.6,0.0,13.1,20.2,1.0,1003.0(16),1.0,
Cordoba,1992-12,5402,13.8(15),5.0,77.0,0.0,2.0,4.8,1015.2(06),,1020.2,1009.0,4.9,18.6(03),10.6,0.0,0.0,7.0,,1.0,19.0,50.0,,8.0,-0.4(09),,100.0,0.0,1.0,519.0,26.0,10.0,0.0,9.0,1.0,9.2,0.0,10.0,15.2,0.0,997.9(04),3.0,
Cordoba,1992-13,5402,54.0(18/oct),50.0,61.0,0.0,12.0,7.7,1024.4(02/ene),,1019.0,1008.1,9.7,43.1(24/ago),26.4,106.0,0.0,152.0,,18.0,164.0,62.0,,66.0,-6.4(23/ene),,121.0,4.0,10.0,17437.0,549.2,78.0,16.0,9.0,27.0,7.4,0.0,17.2,24.6,1.0,987.5(16/oct),44.0,
Cordoba,1993-1,5402,6.3(29),3.0,68.0,0.0,0.0,7.3,1025.0(06),0.0,1028.9,1017.5,-0.3,18.8(26),7.8,0.0,0.0,19.0,24/13.9(29),0.0,9.0,74.0,0.0,3.0,-4.2(11),117.0,75.0,0.0,0.0,550.0,12.5,3.0,1.0,6.0,22.0,12.0,0.0,7.9,16.0,0.0,1000.6(29),3.0,
Cordoba,1993-2,5402,6.7(09),1.0,60.0,0.0,0.0,7.6,1019.4(13),2.0,1022.4,1011.2,3.7,21.6(21),9.6,0.0,0.0,12.0,34/16.9(28),0.0,15.0,70.0,0.0,3.0,-1.0(18),188.0,81.0,0.0,0.0,899.0,13.1,4.0,0.0,8.0,1.0,12.8,0.0,10.6,17.5,0.0,996.3(28),3.0,
Cordoba,1993-3,5402,11.7(13),4.0,56.0,0.0,0.0,7.6,1017.8(17),0.0,1018.6,1007.6,6.5,27.4(21),12.1,0.0,0.0,6.0,27/12.2(21),1.0,21.0,63.0,0.0,6.0,-4.2(01),196.0,93.0,0.0,0.0,1342.0,18.5,7.0,0.0,10.0,3.0,9.6,0.0,14.1,21.7,0.0,992.1(01),3.0,
Cordoba,1993-4,5402,28.1(28),5.0,57.0,1.0,1.0,7.7,1014.0(17),3.0,1015.2,1004.2,7.6,30.2(07),13.8,1.0,0.0,6.0,20/23.1(24),3.0,19.0,59.0,0.0,9.0,3.2(03),238.0,95.0,0.0,0.0,1487.0,82.2,10.0,4.0,13.0,0.0,14.4,0.0,15.0,22.4,1.0,989.9(24),9.0,
Cordoba,1993-5,5402,17.1(12),5.0,65.0,0.0,1.0,7.6,1009.9(20),,1013.9,1003.2,11.9,30.8(31),16.0,1.0,0.0,2.0,,1.0,24.0,53.0,,14.0,7.2(21),,136.0,0.0,0.0,1255.0,53.9,16.0,4.0,11.0,0.0,20.4,0.0,18.0,24.0,0.0,996.6(05),10.0,
Cordoba,1993-6,5402,1.1(09),1.0,49.0,0.0,0.0,10.7,1012.8(11),,1016.2,1005.6,15.5,38.5(17),18.8,20.0,0.0,12.0,,0.0,17.0,73.0,,3.0,11.6(03),,148.0,0.0,0.0,2364.0,2.2,4.0,2.0,13.0,0.0,22.6,0.0,23.5,31.5,0.0,1000.5(04),2.0,
Cordoba,1993-7,5402,0.0(--),0.0,36.0,0.0,0.0,12.2,1010.2(28),0.0,1015.1,1004.8,18.8,42.6(28),23.0,31.0,0.0,28.0,23/11.9(10),0.0,3.0,84.0,0.0,0.0,13.8(11),224.0,147.0,0.0,0.0,3686.0,0.0,0.0,0.0,11.0,0.0,32.0,0.0,28.6,38.3,0.0,998.0(20),0.0,
Cordoba,1993-8,5402,0.2(26),1.0,42.0,0.0,0.0,10.0,1009.1(07),0.0,1015.2,1004.8,19.4,43.8(04),26.8,28.0,0.0,17.0,26/13.3(05),0.0,13.0,73.0,0.0,1.0,11.8(27),263.0,156.0,0.0,0.0,3280.0,0.2,1.0,0.0,12.0,0.0,26.4,0.0,27.8,36.2,0.0,999.5(23),0.0,
Cordoba,1993-9,5402,14.6(17),1.0,50.0,0.0,0.0,8.5,1009.5(20),0.0,1015.3,1004.6,14.8,37.8(01),21.0,13.0,0.0,7.0,22/15.0(12),1.0,22.0,68.0,0.0,1.0,7.4(28),274.0,132.0,0.0,0.0,2147.0,14.6,3.0,0.0,13.0,0.0,24.6,0.0,22.0,29.1,0.0,998.3(12),1.0,
Cordoba,1993-10,5402,48.6(07),14.0,72.0,0.0,1.0,5.4,1012.7(19),7.0,1015.1,1004.2,11.3,27.6(04),18.4,0.0,0.0,8.0,23/18.6(09),4.0,9.0,48.0,0.0,18.0,4.4(25),280.0,132.0,1.0,0.0,916.0,138.2,19.0,2.0,14.0,0.0,15.0,0.0,16.1,20.9,0.0,990.0(13),17.0,
Cordoba,1993-11,5402,35.3(03),8.0,80.0,0.0,3.0,4.9,1017.6(29),1.0,1017.8,1006.8,7.6,22.4(15),14.8,0.0,0.0,5.0,20/15.6(01),3.0,17.0,48.0,0.0,12.0,1.4(27),131.0,118.0,1.0,3.0,390.0,82.6,14.0,1.0,6.0,0.0,12.4,0.0,12.5,17.5,0.0,990.0(03),8.0,
Cordoba,1993-12,5402,0.2(28),4.0,75.0,0.0,3.0,5.8,1024.3(19),0.0,1025.6,1014.3,2.9,20.0(30),9.0,0.0,0.0,11.0,24/11.4(26),0.0,16.0,61.0,0.0,2.0,-3.6(24),126.0,92.0,0.0,2.0,444.0,0.3,2.0,0.0,7.0,5.0,11.5,0.0,9.5,16.1,0.0,1000.5(14),0.0,
Cordoba,1993-13,5402,48.6(07/oct),47.0,59.0,1.0,9.0,7.9,1025.0(06/ene),,1018.3,1007.4,10.0,43.8(04/ago),26.8,94.0,0.0,133.0,,13.0,185.0,65.0,,72.0,-4.2(11/ene),,117.0,2.0,5.0,18760.0,418.3,83.0,14.0,10.0,31.0,9.6,0.0,17.1,24.3,1.0,989.9(24/abr),56.0,
Cordoba,1994-1,5402,17.0(06),6.0,71.0,0.0,1.0,6.3,1025.0(27),2.0,1024.4,1013.1,2.3,21.4(29),9.6,0.0,0.0,15.0,22/19.4(10),1.0,10.0,63.0,0.0,7.0,-2.4(21),168.0,84.0,0.0,2.0,566.0,37.2,7.0,0.0,9.0,9.0,10.2,0.0,8.8,15.2,0.0,983.2(06),6.0,
Cordoba,1994-2,5402,15.0(27),9.0,75.0,0.0,0.0,5.7,1023.0(09),3.0,1019.6,1008.4,4.2,20.8(25),10.2,0.0,0.0,6.0,24/18.6(03),1.0,13.0,53.0,0.0,10.0,-1.8(06),176.0,97.0,0.0,0.0,541.0,52.0,14.0,0.0,10.0,6.0,9.4,0.0,10.3,16.4,0.0,991.1(28),8.0,
Cordoba,1994-3,5402,0.7(05),1.0,61.0,0.0,0.0,8.4,1019.4(03),0.0,1021.4,1010.4,7.5,29.5(25),12.0,0.0,0.0,13.0,33/12.8(25),0.0,17.0,70.0,0.0,1.0,3.8(03),143.0,111.0,0.0,0.0,1119.0,0.7,2.0,2.0,7.0,0.0,19.2,0.0,15.6,23.7,0.0,998.7(01),0.0,
Cordoba,1994-4,5402,13.0(15),6.0,53.0,0.0,0.0,8.3,1020.3(03),1.0,1017.8,1006.9,6.6,31.2(29),11.0,3.0,0.0,12.0,24/15.6(22),1.0,12.0,63.0,0.0,6.0,1.2(17),196.0,92.0,0.0,0.0,1601.0,29.9,7.0,0.0,12.0,0.0,12.4,0.0,14.8,22.9,0.0,994.9(20),5.0,
Cordoba,1994-5,5402,14.4(17),6.0,58.0,1.0,1.0,8.3,1012.3(01),2.0,1014.7,1004.0,12.3,34.2(03),16.6,11.0,0.0,3.0,26/18.9(17),2.0,22.0,58.0,0.0,8.0,7.3(12),251.0,133.0,0.0,0.0,1633.0,48.8,12.0,1.0,13.0,0.0,20.4,0.0,19.7,27.0,0.0,993.6(13),6.0,
Cordoba,1994-6,5402,0.7(16),1.0,40.0,0.0,0.0,11.3,1011.5(03),0.0,1016.8,1006.3,16.0,42.5(30),19.2,28.0,0.0,19.0,26/11.9(07),0.0,10.0,76.0,0.0,1.0,11.2(03),219.0,136.0,0.0,0.0,3041.0,0.7,1.0,0.0,11.0,0.0,28.2,0.0,25.4,34.8,0.0,1001.0(24),0.0,
Cordoba,1994-7,5402,0.2(14),0.0,34.0,0.0,0.0,11.3,1009.0(05),0.0,1014.6,1004.2,19.2,44.0(04),25.4,31.0,0.0,21.0,27/13.9(15),0.0,10.0,78.0,0.0,2.0,16.0(07),266.0,146.0,0.0,0.0,3610.0,0.4,2.0,0.0,12.0,0.0,31.7,0.0,29.4,39.5,0.0,1000.0(11),0.0,
Cordoba,1994-8,5402,0.0(--),0.0,40.0,0.0,0.0,11.3,1009.5(23),,1014.4,1004.1,20.0,44.4(26),25.2,31.0,0.0,23.0,,0.0,8.0,83.0,,0.0,16.4(25),,164.0,0.0,0.0,3021.0,0.0,0.0,0.0,12.0,0.0,31.6,0.0,29.0,38.0,0.0,998.8(20),0.0,
Cordoba,1994-9,5402,11.3(22),0.0,46.0,0.0,0.0,9.0,1010.7(05),0.0,1015.7,1005.1,14.5,37.2(03),19.4,18.0,0.0,15.0,17/13.3(22),1.0,15.0,72.0,0.0,2.0,8.4(19),188.0,128.0,0.0,0.0,2428.0,14.5,3.0,1.0,10.0,0.0,21.0,0.0,22.8,31.1,0.0,993.6(21),2.0,
Cordoba,1994-10,5402,28.2(19),6.0,66.0,0.0,0.0,6.3,1013.6(13),,1016.2,1005.4,13.8,30.2(13),18.8,2.0,0.0,2.0,,2.0,23.0,56.0,,9.0,10.3(30),151.0,153.0,0.0,0.0,937.0,62.9,10.0,1.0,7.0,0.0,18.8,0.0,19.7,25.6,0.0,991.8(19),6.0,
Cordoba,1994-11,5402,33.8(03),4.0,78.0,0.0,2.0,6.4,1020.0(24),0.0,1022.1,1011.1,9.0,24.0(01),15.2,0.0,0.0,13.0,24/14.4(03),2.0,13.0,63.0,0.0,7.0,2.4(27),123.0,133.0,1.0,2.0,441.0,57.5,8.0,1.0,7.0,0.0,16.0,0.0,14.8,20.6,0.0,996.0(04),6.0,
Cordoba,1994-12,5402,13.3(07),6.0,76.0,0.0,9.0,6.0,1023.3(10),0.0,1027.9,1016.7,3.8,21.2(01),13.0,0.0,0.0,11.0,23/12.2(31),1.0,14.0,62.0,0.0,6.0,-5.2(27),90.0,101.0,0.0,2.0,384.0,27.1,7.0,0.0,6.0,10.0,10.2,0.0,9.8,15.8,0.0,1006.2(01),6.0,
Cordoba,1994-13,5402,33.8(03/nov),45.0,58.0,1.0,13.0,8.2,1025.0(27/ene),,1018.8,1008.0,10.8,44.4(26/ago),25.4,124.0,0.0,153.0,,11.0,167.0,66.0,,59.0,-5.2(27/dic),,123.0,1.0,6.0,19322.0,331.7,73.0,6.0,10.0,25.0,9.4,0.0,18.3,25.9,0.0,983.2(06/ene),45.0,
Cordoba,1995-1,5402,15.3(01),5.0,74.0,0.0,4.0,5.9,1024.7(09),2.0,1028.4,1017.1,2.9,18.6(30),12.0,0.0,0.0,11.0,22/19.2(18),1.0,15.0,60.0,0.0,6.0,-4.4(14),107.0,92.0,0.0,4.0,472.0,31.0,8.0,0.0,6.0,12.0,11.8,0.0,8.9,14.9,0.0,1002.6(01),5.0,
Cordoba,1995-2,5402,21.6(12),6.0,71.0,0.0,3.0,7.2,1023.3(04),0.0,1024.7,1013.6,6.1,22.0(20),12.6,0.0,0.0,8.0,33/13.9(26),2.0,14.0,67.0,0.0,6.0,-0.8(28),160.0,107.0,0.0,2.0,610.0,45.2,9.0,0.0,8.0,1.0,12.6,0.0,12.3,18.5,0.0,995.4(10),5.0,
Cordoba,1995-3,5402,16.2(10),3.0,58.0,0.0,1.0,8.2,1017.6(31),0.0,1018.9,1008.0,6.3,29.7(29),12.6,0.0,0.0,13.0,33/14.4(01),2.0,15.0,68.0,0.0,4.0,1.8(04),187.0,94.0,0.0,1.0,1325.0,32.0,5.0,0.0,10.0,0.0,14.6,0.0,14.3,22.4,0.0,991.0(11),3.0,
Cordoba,1995-4,5402,17.5(27),3.0,49.0,0.0,1.0,9.0,1017.6(01),0.0,1015.9,1005.0,8.8,32.2(09),13.6,4.0,0.0,11.0,27/15.0(22),1.0,16.0,68.0,0.0,6.0,2.8(24),193.0,95.0,0.0,1.0,1894.0,25.6,7.0,1.0,11.0,0.0,15.2,0.0,17.1,25.4,0.0,992.8(10),4.0,
Cordoba,1995-5,5402,0.3(06),3.0,44.0,0.0,0.0,10.4,1010.7(27),1.0,1015.6,1005.0,14.3,36.6(29),17.0,22.0,0.0,8.0,25/15.8(11),0.0,20.0,73.0,0.0,1.0,7.6(13),248.0,129.0,0.0,0.0,2875.0,0.3,2.0,1.0,13.0,0.0,24.6,0.0,22.7,31.2,0.0,997.4(11),0.0,
Cordoba,1995-6,5402,0.8(25),3.0,50.0,0.0,0.0,9.2,1010.0(18),0.0,1014.2,1003.7,17.6,38.4(05),20.6,21.0,0.0,7.0,24/14.4(05),0.0,20.0,63.0,0.0,2.0,12.6(02),331.0,161.0,0.0,0.0,2645.0,1.0,3.0,0.0,14.0,0.0,25.2,0.0,24.9,32.2,0.0,997.5(05),0.0,
Cordoba,1995-7,5402,0.3(08),2.0,40.0,0.0,0.0,11.2,1008.7(05),0.0,1014.0,1003.6,20.0,46.6(23),27.0,29.0,0.0,19.0,24/14.4(01),0.0,10.0,78.0,0.0,1.0,15.4(05),290.0,162.0,0.0,0.0,3937.0,0.3,2.0,0.0,13.0,0.0,29.4,0.0,28.8,37.6,0.0,998.1(31),0.0,
Cordoba,1995-8,5402,0.3(23),0.0,39.0,0.0,0.0,11.0,1010.4(12),0.0,1013.8,1003.5,20.8,42.4(13),25.2,31.0,0.0,20.0,23/14.4(07),0.0,11.0,81.0,0.0,1.0,17.6(04),270.0,156.0,0.0,0.0,3038.0,0.3,1.0,1.0,11.0,0.0,33.2,0.0,29.1,37.4,0.0,998.0(08),0.0,
Cordoba,1995-9,5402,0.5(05),1.0,43.0,0.0,0.0,9.2,1015.0(27),1.0,1016.4,1005.8,15.2,38.2(01),23.0,16.0,0.0,9.0,24/17.5(04),0.0,20.0,74.0,0.0,3.0,8.8(27),288.0,122.0,0.0,0.0,2102.0,0.8,3.0,1.0,12.0,0.0,25.0,0.0,22.8,30.4,0.0,999.6(17),0.0,
Cordoba,1995-10,5402,1.7(23),2.0,53.0,0.0,0.0,8.2,1019.0(18),1.0,1019.5,1008.8,14.5,33.8(01),17.6,9.0,0.0,12.0,27/16.9(02),0.0,17.0,73.0,0.0,2.0,10.8(22),180.0,138.0,0.0,0.0,1561.0,2.3,4.0,0.0,8.0,0.0,21.0,0.0,21.7,29.0,0.0,1004.0(01),1.0,
Cordoba,1995-11,5402,36.7(10),11.0,72.0,0.0,4.0,4.8,1017.6(22),1.0,1018.6,1007.6,11.1,28.6(01),17.6,0.0,0.0,1.0,26/16.4(10),3.0,18.0,48.0,0.0,11.0,3.8(27),197.0,131.0,2.0,2.0,572.0,112.5,14.0,3.0,9.0,0.0,12.4,0.0,15.9,20.6,0.0,990.6(11),8.0,
Cordoba,1995-12,5402,37.4(29),15.0,84.0,0.0,3.0,2.9,1019.9(02),,1016.3,1005.3,9.2,19.4(22),16.0,0.0,0.0,0.0,,9.0,16.0,30.0,,19.0,3.8(04),315.0,128.0,3.0,2.0,355.0,227.1,20.0,0.0,13.0,0.0,11.4,0.0,12.7,16.2,0.0,986.2(15),15.0,
Cordoba,1995-13,5402,37.4(29/dic),54.0,56.0,0.0,16.0,8.1,1024.7(09/ene),,1018.0,1007.3,12.2,46.6(23/jul),27.0,132.0,0.0,119.0,,18.0,192.0,65.0,,62.0,-4.4(14/ene),231.0,126.0,5.0,12.0,21386.0,478.4,78.0,7.0,11.0,13.0,11.4,0.0,19.3,26.3,0.0,986.2(15/dic),41.0,
Cordoba,1996-1,5402,34.9(21),18.0,84.0,2.0,2.0,2.2,1012.6(02),9.0,1011.3,1000.3,8.3,18.6(06),11.2,0.0,0.0,0.0,24/21.7(11),9.0,13.0,23.0,0.0,20.0,2.8(13),267.0,118.0,1.0,2.0,371.0,236.5,21.0,3.0,11.0,0.0,10.6,0.0,11.5,14.7,0.0,986.0(21),17.0,
Cordoba,1996-2,5402,21.6(14),4.0,71.0,0.0,3.0,6.8,1018.3(12),1.0,1019.5,1008.3,4.5,19.2(06),12.0,0.0,0.0,8.0,07/15.6(15),2.0,17.0,62.0,0.0,9.0,-1.5(24),195.0,88.0,0.0,1.0,564.0,40.8,10.0,0.0,8.0,4.0,11.4,0.0,9.9,15.4,0.0,991.0(01),4.0,
Cordoba,1996-3,5402,9.5(19),8.0,70.0,0.0,0.0,6.7,1013.7(01),1.0,1014.4,1003.4,8.2,28.2(29),13.2,0.0,0.0,5.0,26/16.4(29),0.0,18.0,56.0,0.0,10.0,2.4(18),234.0,112.0,0.0,0.0,862.0,30.8,12.0,1.0,10.0,0.0,14.0,0.0,13.9,19.6,0.0,989.4(13),5.0,
Cordoba,1996-4,5402,12.9(29),5.0,57.0,0.0,0.0,,1014.6(09),1.0,1015.5,1004.6,10.4,30.8(15),13.6,2.0,0.0,2.0,25/21.7(01),1.0,23.0,,0.0,7.0,7.6(23),218.0,113.0,0.0,0.0,1243.0,36.1,9.0,1.0,10.0,0.0,17.4,0.0,17.2,24.0,0.0,996.5(22),5.0,
Cordoba,1996-5,5402,33.8(02),7.0,61.0,0.0,0.0,8.5,1015.2(22),3.0,1015.0,1004.2,12.5,37.6(28),16.6,8.0,0.0,8.0,30/17.5(18),4.0,16.0,59.0,0.0,11.0,6.2(12),234.0,135.0,2.0,0.0,1210.0,118.9,11.0,2.0,11.0,0.0,18.0,0.0,19.0,25.5,0.0,995.1(03),8.0,
Cordoba,1996-6,5402,9.8(16),0.0,40.0,0.0,0.0,10.2,1012.3(12),0.0,1017.0,1006.5,16.9,40.6(29),20.4,28.0,0.0,23.0,10/11.4(16),0.0,7.0,69.0,0.0,1.0,11.2(04),213.0,143.0,0.0,0.0,2602.0,9.8,1.0,1.0,9.0,0.0,28.4,0.0,25.7,34.4,0.0,998.3(20),1.0,
Cordoba,1996-7,5402,2.9(14),0.0,45.0,0.0,0.0,12.0,1011.7(09),0.0,1016.0,1005.5,19.3,42.4(20),23.2,30.0,0.0,16.0,07/11.9(08),0.0,15.0,83.0,0.0,1.0,15.0(09),260.0,178.0,0.0,0.0,2899.0,2.9,1.0,1.0,11.0,0.0,29.5,0.0,27.8,36.2,0.0,1000.4(06),1.0,
Cordoba,1996-8,5402,12.2(15),0.0,47.0,0.0,0.0,11.6,1009.6(17),0.0,1015.1,1004.6,18.0,38.0(09),20.2,30.0,0.0,22.0,19/13.3(30),1.0,9.0,85.0,0.0,2.0,14.2(22),256.0,163.0,0.0,0.0,2599.0,12.7,2.0,1.0,11.0,0.0,28.7,0.0,26.1,34.2,0.0,999.9(13),1.0,
Cordoba,1996-9,5402,40.8(11),4.0,63.0,0.0,1.0,7.3,1014.4(29),1.0,1015.3,1004.7,15.8,34.0(07),21.6,11.0,0.0,7.0,31/15.6(21),4.0,19.0,59.0,0.0,10.0,11.8(26),231.0,164.0,1.0,1.0,1501.0,122.7,11.0,2.0,10.0,0.0,21.2,0.0,21.9,28.1,0.0,996.9(11),9.0,
Cordoba,1996-10,5402,52.9(13),5.0,64.0,0.0,1.0,8.1,1019.0(31),0.0,1020.1,1009.3,11.4,30.0(23),17.0,1.0,0.0,18.0,19/13.3(13),1.0,8.0,72.0,0.0,5.0,5.8(08),149.0,137.0,1.0,0.0,932.0,58.8,5.0,0.0,6.0,0.0,16.4,0.0,18.2,24.9,0.0,993.1(13),2.0,
Cordoba,1996-11,5402,33.7(11),8.0,76.0,0.0,5.0,5.8,1019.5(01),1.0,1021.1,1010.1,8.3,26.6(03),13.2,0.0,1.0,6.0,23/21.1(11),3.0,16.0,57.0,0.0,9.0,1.4(19),193.0,119.0,1.0,3.0,526.0,70.6,10.0,0.0,8.0,0.0,12.8,0.0,13.5,18.7,1.0,986.6(12),5.0,
Cordoba,1996-12,5402,58.4(11),15.0,84.0,0.0,0.0,3.1,1015.9(02),4.0,1012.1,1001.0,8.1,19.8(01),14.2,0.0,0.0,3.0,20/22.2(29),13.0,13.0,33.0,0.0,23.0,0.8(08),287.0,117.0,4.0,0.0,342.0,355.0,24.0,2.0,14.0,0.0,8.0,0.0,11.4,14.8,0.0,985.0(29),20.0,
Cordoba,1996-13,5402,58.4(11/dic),74.0,64.0,2.0,12.0,,1019.5(01/nov),21.0,1016.0,1005.2,11.8,42.4(20/jul),23.2,110.0,1.0,118.0,20/22.2(29/dic),38.0,174.0,,0.0,108.0,-1.5(24/feb),228.0,132.0,10.0,7.0,15651.0,1095.6,117.0,14.0,10.0,4.0,8.0,0.0,18.0,24.2,1.0,985.0(29/dic),78.0,
Cordoba,1997-1,5402,57.8(18),13.0,83.0,0.0,6.0,4.0,1020.0(30),1.0,1018.2,1007.1,7.1,20.0(31),10.9,0.0,0.0,6.0,24/15.8(03),7.0,12.0,40.0,0.0,15.0,3.6(06),223.0,108.0,3.0,4.0,294.0,230.8,16.0,0.0,9.0,0.0,9.7,0.0,10.8,14.5,0.0,992.6(02),12.0,
Cordoba,1997-2,5402,0.0(--),2.0,68.0,0.0,3.0,8.1,1024.4(13),0.0,1029.1,1017.9,6.7,26.6(28),11.2,0.0,0.0,11.0,08/8.3(06),0.0,15.0,75.0,0.0,0.0,3.6(16),125.0,106.0,0.0,2.0,521.0,0.0,2.0,0.0,4.0,0.0,16.2,0.0,13.4,20.1,0.0,1012.5(23),0.0,
Cordoba,1997-3,5402,0.0(--),0.0,50.0,0.0,0.0,9.9,1022.3(04),1.0,1022.6,1011.7,7.6,29.2(18),10.8,0.0,0.0,23.0,03/16.4(25),0.0,8.0,82.0,0.0,0.0,4.2(11),154.0,95.0,0.0,0.0,1441.0,0.0,0.0,0.0,7.0,0.0,20.2,0.0,16.7,25.8,0.0,999.4(25),0.0,
Cordoba,1997-4,5402,5.0(19),8.0,56.0,0.0,0.0,7.2,1016.0(10),0.0,1016.0,1005.2,12.1,34.0(30),15.2,5.0,0.0,7.0,30/12.8(22),0.0,15.0,54.0,0.0,10.0,7.6(13),211.0,123.0,0.0,0.0,1460.0,18.2,11.0,1.0,9.0,0.0,17.8,0.0,19.1,26.0,0.0,989.1(20),7.0,
Cordoba,1997-5,5402,20.2(25),5.0,54.0,0.0,0.0,9.2,1012.8(03),3.0,1015.7,1004.9,13.7,31.8(29),17.5,5.0,0.0,4.0,28/18.6(30),3.0,22.0,64.0,0.0,8.0,7.6(08),260.0,128.0,0.0,0.0,1854.0,72.8,8.0,3.0,11.0,0.0,20.0,0.0,20.0,26.4,0.0,999.8(23),6.0,
Cordoba,1997-6,5402,41.0(04),4.0,55.0,0.0,0.0,10.5,1009.2(08),1.0,1013.9,1003.3,15.5,34.4(25),18.4,14.0,0.0,9.0,22/15.8(05),2.0,17.0,71.0,0.0,4.0,11.8(30),275.0,152.0,1.0,0.0,2071.0,74.6,5.0,1.0,12.0,0.0,21.4,0.0,22.3,29.2,0.0,993.4(26),4.0,
Cordoba,1997-7,5402,0.5(14),2.0,48.0,1.0,0.0,11.3,1012.0(05),0.0,1016.1,1005.6,18.1,40.4(26),21.6,25.0,0.0,18.0,26/11.9(01),0.0,11.0,78.0,0.0,2.0,11.6(04),248.0,165.0,0.0,0.0,2367.0,0.8,1.0,1.0,10.0,0.0,26.6,0.0,26.0,33.9,0.0,999.9(12),0.0,
Cordoba,1997-8,5402,1.6(25),2.0,48.0,0.0,0.0,10.1,1012.3(29),0.0,1015.7,1005.2,18.8,40.6(01),21.8,26.0,0.0,13.0,24/13.6(27),0.0,16.0,74.0,0.0,4.0,14.4(29),231.0,172.0,0.0,0.0,2515.0,2.9,5.0,1.0,9.0,0.0,28.2,0.0,26.5,34.3,0.0,999.8(01),2.0,
Cordoba,1997-9,5402,35.7(27),3.0,55.0,0.0,0.0,8.5,1012.0(19),0.0,1016.8,1006.2,17.8,38.0(11),20.2,23.0,0.0,6.0,36/13.9(19),2.0,21.0,68.0,0.0,8.0,13.8(02),176.0,170.0,1.0,0.0,1569.0,63.9,9.0,5.0,7.0,0.0,19.2,0.0,25.0,32.1,0.0,999.5(27),6.0,
Cordoba,1997-10,5402,20.1(20),5.0,65.0,0.0,2.0,7.4,,0.0,,,14.5,32.8(11),19.0,7.0,0.0,10.0,18/13.3(04),3.0,16.0,66.0,0.0,7.0,5.6(31),178.0,160.0,0.0,0.0,890.0,61.3,8.0,2.0,6.0,0.0,21.2,0.0,20.5,26.4,0.0,,6.0,
Cordoba,1997-11,5402,154.3(02),11.0,85.0,0.0,4.0,4.0,1016.0(30),4.0,1015.5,1004.6,10.3,22.2(01),16.2,0.0,0.0,3.0,22/26.7(06),4.0,15.0,39.0,2.0,20.0,4.6(23),271.0,138.0,2.0,4.0,389.0,291.9,21.0,4.0,9.0,0.0,12.4,0.0,14.0,17.7,0.0,979.0(05),18.0,
Cordoba,1997-12,5402,58.0(17),13.0,87.0,0.0,9.0,3.3,1023.8(24),2.0,1019.9,1008.7,7.6,17.6(22),13.8,0.0,0.0,2.0,20/16.4(17),7.0,16.0,35.0,0.0,19.0,1.8(07),201.0,115.0,2.0,4.0,271.0,216.8,18.0,2.0,8.0,0.0,10.4,0.0,10.8,14.1,0.0,989.9(18),16.0,
Cordoba,1997-13,5402,154.3(02/nov),68.0,63.0,1.0,24.0,7.8,,12.0,,,12.5,40.6(01/ago),21.8,105.0,0.0,112.0,22/26.7(06/nov),28.0,184.0,62.0,2.0,97.0,1.8(07/dic),213.0,136.0,9.0,14.0,15642.0,1034.0,104.0,20.0,8.0,0.0,9.7,0.0,18.8,25.0,0.0,,77.0,
Cordoba,1998-1,5402,9.9(12),11.0,80.0,0.0,3.0,4.2,1022.0(15),1.0,1022.0,1010.8,6.0,18.4(19),13.2,0.0,0.0,2.0,17/19.4(31),0.0,18.0,43.0,0.0,12.0,1.8(18),153.0,103.0,0.0,3.0,333.0,42.1,12.0,0.0,6.0,0.0,9.6,0.0,10.3,14.7,0.0,992.0(31),8.0,
Cordoba,1998-2,5402,37.5(03),7.0,72.0,0.0,1.0,5.9,1026.5(23),0.0,1024.6,1013.5,8.0,23.6(16),11.0,0.0,0.0,7.0,24/12.8(02),2.0,14.0,53.0,0.0,7.0,3.0(25),184.0,113.0,1.0,2.0,526.0,76.4,7.0,0.0,8.0,0.0,13.6,0.0,13.3,18.6,0.0,990.6(04),7.0,
Cordoba,1998-3,5402,14.3(29),2.0,51.0,0.0,0.0,8.4,1019.7(07),0.0,1023.2,1012.2,7.9,28.5(18),14.2,0.0,0.0,14.0,35/13.9(11),1.0,15.0,71.0,0.0,3.0,1.8(14),171.0,92.0,0.0,0.0,1357.0,26.0,4.0,0.0,8.0,0.0,17.4,0.0,16.0,24.1,0.0,994.3(29),3.0,
Cordoba,1998-4,5402,9.4(14),1.0,61.0,0.0,0.0,8.0,1014.1(24),2.0,1016.3,1005.4,9.2,32.2(25),13.8,1.0,0.0,4.0,33/19.4(22),0.0,25.0,61.0,0.0,12.0,2.0(12),300.0,107.0,0.0,0.0,1361.0,38.4,14.0,2.0,13.0,0.0,16.0,0.0,15.3,21.3,0.0,996.1(14),10.0,
Cordoba,1998-5,5402,33.9(23),7.0,64.0,0.0,2.0,7.8,1010.7(08),1.0,1015.1,1004.3,13.2,32.0(18),19.0,2.0,0.0,1.0,25/23.3(23),4.0,23.0,55.0,0.0,12.0,6.8(02),204.0,142.0,1.0,1.0,1041.0,111.0,14.0,9.0,10.0,0.0,18.8,0.0,18.9,24.7,0.0,998.6(01),11.0,
Cordoba,1998-6,5402,9.1(05),3.0,53.0,0.0,0.0,10.9,1014.0(17),0.0,1017.0,1006.4,16.8,38.6(20),20.6,22.0,0.0,17.0,27/11.4(30),0.0,10.0,74.0,0.0,3.0,13.0(03),232.0,174.0,0.0,0.0,2314.0,11.1,3.0,1.0,9.0,0.0,22.2,0.0,24.6,32.5,0.0,998.8(04),2.0,
Cordoba,1998-7,5402,0.2(10),1.0,45.0,0.0,0.0,11.9,1009.9(04),,1014.7,1004.3,19.5,40.6(12),22.4,30.0,0.0,25.0,,0.0,5.0,82.0,,1.0,14.0(03),,177.0,0.0,0.0,2965.0,0.2,2.0,1.0,9.0,0.0,23.2,0.0,28.1,36.7,0.0,999.7(13),0.0,
Cordoba,1998-8,5402,0.0(--),0.0,43.0,0.0,0.0,10.6,1012.5(04),0.0,1015.2,1004.8,19.9,41.8(25),23.2,31.0,0.0,13.0,07/10.8(03),0.0,18.0,78.0,0.0,0.0,15.8(04),231.0,166.0,0.0,0.0,2908.0,0.0,0.0,0.0,10.0,0.0,30.6,0.0,28.4,36.9,0.0,998.1(31),0.0,
Cordoba,1998-9,5402,23.4(26),4.0,54.0,0.0,0.0,7.1,1009.5(03),1.0,1015.1,1004.5,17.9,37.4(09),22.4,17.0,0.0,7.0,22/18.1(28),2.0,19.0,56.0,0.0,8.0,15.0(11),264.0,162.0,0.0,0.0,2013.0,49.5,9.0,2.0,10.0,0.0,24.2,0.0,24.3,30.7,0.0,999.7(25),4.0,
Cordoba,1998-10,5402,2.7(05),1.0,57.0,0.0,1.0,8.9,1018.8(28),1.0,1021.5,1010.6,10.2,30.8(13),16.0,2.0,0.0,12.0,22/18.1(04),0.0,18.0,79.0,0.0,4.0,4.8(21),171.0,119.0,0.0,0.0,1353.0,6.6,4.0,0.0,7.0,0.0,19.8,0.0,17.8,25.4,0.0,998.5(04),3.0,
Cordoba,1998-11,5402,19.0(04),7.0,68.0,0.0,2.0,6.6,1018.4(09),0.0,1022.0,1010.9,7.7,25.2(11),15.2,0.0,0.0,11.0,21/10.8(04),1.0,12.0,66.0,0.0,4.0,0.2(23),146.0,112.0,0.0,1.0,619.0,30.3,4.0,0.0,6.0,0.0,14.6,0.0,13.7,19.8,0.0,1000.6(04),4.0,
Cordoba,1998-12,5402,9.7(29),3.0,65.0,0.0,1.0,6.9,1024.4(13),1.0,1024.2,1012.9,1.4,21.6(12),8.7,0.0,0.0,19.0,18/22.5(31),0.0,9.0,72.0,0.0,4.0,-3.2(05),178.0,76.0,0.0,1.0,609.0,18.6,6.0,0.0,7.0,15.0,11.2,0.0,8.7,15.9,0.0,986.1(31),3.0,
Cordoba,1998-13,5402,37.5(03/feb),47.0,59.0,0.0,10.0,8.1,1026.5(23/feb),,1019.2,1008.4,11.5,41.8(25/ago),23.2,105.0,0.0,132.0,,10.0,186.0,66.0,,70.0,-3.2(05/dic),,129.0,2.0,8.0,17399.0,410.2,79.0,15.0,9.0,15.0,9.6,0.0,18.3,25.1,0.0,986.1(31/dic),55.0,
Cordoba,1999-1,5402,11.1(21),4.0,72.0,0.0,1.0,6.6,1022.4(25),1.0,1022.5,1011.3,2.3,20.4(06),7.4,0.0,0.0,15.0,21/22.2(09),1.0,12.0,67.0,0.0,4.0,-0.8(19),165.0,84.0,0.0,1.0,463.0,30.4,6.0,0.0,7.0,4.0,9.8,0.0,8.8,15.2,0.0,990.1(01),4.0,
Cordoba,1999-2,5402,9.2(26),4.0,60.0,0.0,3.0,7.9,1025.6(03),0.0,1023.8,1012.6,1.6,24.4(23),8.0,0.0,0.0,15.0,05/13.9(26),0.0,9.0,73.0,0.0,5.0,-3.8(16),162.0,75.0,0.0,0.0,717.0,18.4,5.0,1.0,7.0,12.0,12.0,0.0,9.4,17.2,0.0,1000.1(26),3.0,
Cordoba,1999-3,5402,11.2(23),4.0,60.0,0.0,0.0,7.6,1017.2(02),0.0,1016.0,1005.0,7.0,27.4(31),11.8,0.0,0.0,8.0,22/13.9(03),1.0,19.0,63.0,0.0,8.0,1.6(07),237.0,98.0,0.0,0.0,1221.0,31.2,9.0,1.0,10.0,0.0,15.4,0.0,14.2,21.3,0.0,996.2(11),6.0,
Cordoba,1999-4,5402,23.1(28),3.0,48.0,0.0,0.0,9.4,1016.6(06),2.0,1018.2,1007.3,10.0,31.2(05),14.8,6.0,0.0,11.0,24/18.1(16),1.0,16.0,71.0,0.0,6.0,4.6(18),253.0,98.0,0.0,0.0,2235.0,38.9,7.0,3.0,11.0,0.0,18.4,0.0,17.8,25.5,0.0,994.5(28),4.0,
Cordoba,1999-5,5402,4.2(01),5.0,51.0,0.0,0.0,9.5,1014.1(20),1.0,1016.0,1005.3,13.8,38.4(12),18.8,16.0,0.0,6.0,24/20.6(17),0.0,20.0,66.0,0.0,4.0,8.0(20),260.0,131.0,0.0,0.0,2704.0,6.9,4.0,1.0,10.0,0.0,15.0,0.0,21.4,28.9,0.0,998.2(16),2.0,
Cordoba,1999-6,5402,0.3(08),0.0,42.0,0.0,0.0,12.0,1013.7(02),0.0,1016.6,1006.1,17.2,40.4(21),20.4,26.0,0.0,18.0,25/13.9(01),0.0,12.0,81.0,0.0,1.0,12.4(07),246.0,148.0,0.0,0.0,3585.0,0.3,1.0,0.0,10.0,0.0,28.2,0.0,25.5,33.9,0.0,999.8(22),0.0,
Cordoba,1999-7,5402,0.0(--),1.0,44.0,0.0,0.0,11.5,1009.3(08),0.0,1014.1,1003.7,19.6,41.8(01),22.6,29.0,0.0,20.0,23/12.8(04),0.0,10.0,79.0,0.0,0.0,16.6(19),313.0,169.0,0.0,0.0,3845.0,0.0,3.0,0.0,12.0,0.0,28.7,0.0,27.9,36.2,0.0,999.1(31),0.0,
Cordoba,1999-8,5402,1.8(18),0.0,46.0,0.0,0.0,11.2,1009.5(28),1.0,1013.3,1002.9,19.4,42.0(15),24.0,31.0,0.0,15.0,23/16.4(07),0.0,16.0,82.0,0.0,1.0,16.4(10),286.0,173.0,0.0,0.0,3584.0,1.8,5.0,1.0,11.0,0.0,31.2,0.0,27.8,36.3,0.0,997.4(18),1.0,
Cordoba,1999-9,5402,42.7(19),1.0,57.0,0.0,1.0,8.2,1011.8(24),0.0,1014.9,1004.3,16.5,36.4(09),20.4,17.0,0.0,10.0,22/13.3(19),2.0,19.0,66.0,0.0,5.0,11.8(15),234.0,165.0,1.0,0.0,2386.0,62.5,7.0,1.0,9.0,0.0,21.2,0.0,23.2,30.0,0.0,989.3(19),3.0,
Cordoba,1999-10,5402,42.3(20),10.0,73.0,0.0,1.0,5.1,1015.0(31),5.0,1016.8,1006.0,14.7,30.4(01),17.6,1.0,0.0,2.0,21/20.6(20),7.0,19.0,45.0,0.0,14.0,11.6(21),237.0,165.0,3.0,0.0,1182.0,196.9,15.0,2.0,9.0,0.0,16.6,0.0,19.4,24.1,0.0,990.5(20),13.0,
Cordoba,1999-11,5402,18.0(19),0.0,72.0,0.0,4.0,7.7,1019.9(27),1.0,1021.4,1010.3,5.1,24.0(05),11.4,0.0,0.0,16.0,06/18.1(20),1.0,14.0,76.0,0.0,5.0,-0.6(21),159.0,100.0,0.0,1.0,680.0,31.7,7.0,1.0,7.0,1.0,11.4,0.0,11.2,17.3,0.0,1000.1(20),4.0,
Cordoba,1999-12,5402,18.8(29),10.0,80.0,0.0,3.0,4.9,1021.6(18),1.0,1025.5,1014.3,5.4,20.8(02),13.6,0.0,0.0,9.0,36/15.8(16),2.0,12.0,51.0,0.0,10.0,0.2(18),176.0,104.0,0.0,2.0,496.0,49.0,11.0,0.0,7.0,0.0,10.6,0.0,10.1,14.9,0.0,997.5(15),7.0,
Cordoba,1999-13,5402,42.7(19/sep),42.0,59.0,0.0,13.0,8.5,1025.6(03/feb),12.0,1018.3,1007.4,11.1,42.0(15/ago),24.0,126.0,0.0,145.0,21/22.2(09/ene),15.0,178.0,68.0,0.0,63.0,-3.8(16/feb),227.0,126.0,4.0,4.0,23098.0,468.0,80.0,11.0,9.0,17.0,9.8,0.0,18.1,25.1,0.0,989.3(19/sep),47.0,
Cordoba,2000-1,5402,17.3(13),2.0,72.0,0.0,0.0,7.9,1024.2(30),0.0,1024.8,1013.5,1.6,19.4(31),5.8,0.0,0.0,17.0,06/10.3(10),1.0,12.0,80.0,0.0,3.0,-1.8(23),148.0,79.0,0.0,0.0,522.0,24.1,5.0,0.0,7.0,8.0,9.4,0.0,8.0,14.5,0.0,999.4(14),3.0,
Cordoba,2000-2,5402,0.2(01),1.0,63.0,0.0,2.0,9.0,1025.8(07),0.0,1028.3,1017.1,3.7,24.2(20),7.6,0.0,0.0,15.0,25/10.3(16),0.0,13.0,83.0,0.0,1.0,1.0(05),126.0,96.0,0.0,2.0,961.0,0.2,1.0,0.0,6.0,0.0,16.6,0.0,12.7,21.6,0.0,1010.1(20),0.0,
Cordoba,2000-3,5402,22.4(22),2.0,58.0,0.0,1.0,8.0,1019.6(09),0.0,1020.5,1009.5,6.6,27.4(10),11.0,0.0,0.0,11.0,26/12.2(28),1.0,18.0,67.0,0.0,3.0,2.3(29),169.0,97.0,0.0,0.0,1339.0,35.0,6.0,1.0,7.0,0.0,15.2,0.0,14.6,22.7,0.0,999.3(28),3.0,
Cordoba,2000-4,5402,42.6(15),14.0,71.0,0.0,0.0,5.9,1016.1(23),7.0,1013.2,1002.3,8.8,25.2(07),12.6,0.0,0.0,1.0,20/21.4(15),5.0,15.0,44.0,0.0,19.0,4.0(05),317.0,120.0,1.0,0.0,1143.0,138.9,20.0,2.0,14.0,0.0,15.2,0.0,14.2,19.6,0.0,981.0(02),14.0,
Cordoba,2000-5,5402,11.0(08),4.0,61.0,0.0,1.0,9.4,1011.3(25),0.0,1015.5,1004.8,13.6,37.8(30),17.2,10.0,0.0,7.0,20/13.9(06),1.0,20.0,66.0,0.0,13.0,8.8(02),190.0,155.0,0.0,1.0,1724.0,40.6,13.0,6.0,9.0,0.0,17.8,0.0,20.6,27.7,0.0,996.7(03),8.0,
Cordoba,2000-6,5402,0.5(03),2.0,43.0,0.0,0.0,12.1,1013.8(10),0.0,1017.3,1006.9,16.2,40.4(24),21.4,28.0,0.0,21.0,29/14.4(09),0.0,7.0,82.0,0.0,1.0,9.8(10),237.0,158.0,0.0,0.0,3428.0,0.5,2.0,1.0,10.0,0.0,26.2,0.0,25.6,35.0,0.0,999.5(08),0.0,
Cordoba,2000-7,5402,0.1(10),0.0,41.0,0.0,0.0,12.3,1008.9(31),0.0,1014.0,1003.6,18.2,43.8(31),21.8,31.0,0.0,23.0,24/12.5(10),0.0,8.0,85.0,0.0,1.0,13.6(12),249.0,160.0,0.0,0.0,4106.0,0.1,1.0,0.0,10.0,0.0,31.2,0.0,27.6,36.9,0.0,995.7(16),0.0,
Cordoba,2000-8,5402,0.0(--),1.0,39.0,0.0,0.0,11.7,1010.3(14),0.0,1015.7,1005.3,18.7,43.6(01),23.6,31.0,0.0,22.0,25/13.3(11),0.0,8.0,86.0,0.0,0.0,14.5(23),230.0,152.0,0.0,0.0,3546.0,0.0,2.0,0.0,10.0,0.0,31.5,0.0,27.9,37.2,0.0,998.6(30),0.0,
Cordoba,2000-9,5402,3.7(25),0.0,49.0,0.0,0.0,9.1,1011.1(26),0.0,1015.4,1004.8,16.6,40.4(08),20.4,24.0,0.0,13.0,22/13.9(19),0.0,17.0,73.0,0.0,3.0,11.4(21),227.0,157.0,0.0,0.0,2372.0,6.6,5.0,1.0,9.0,0.0,23.2,0.0,24.9,33.1,0.0,998.1(19),2.0,
Cordoba,2000-10,5402,17.4(11),6.0,63.0,0.0,0.0,7.8,1017.6(18),1.0,1017.9,1007.1,11.7,34.4(04),15.0,8.0,0.0,7.0,23/17.5(11),2.0,18.0,70.0,0.0,7.0,7.2(14),183.0,137.0,0.0,0.0,1294.0,40.8,10.0,0.0,7.0,0.0,19.0,0.0,18.6,25.5,0.0,992.5(12),4.0,
Cordoba,2000-11,5402,19.8(13),8.0,79.0,0.0,6.0,5.0,1017.0(26),3.0,1018.9,1007.8,7.9,22.4(12),14.2,0.0,0.0,2.0,05/16.4(17),3.0,20.0,50.0,0.0,17.0,2.4(19),,119.0,0.0,5.0,549.0,80.9,18.0,1.0,8.0,0.0,11.5,0.0,12.6,17.3,0.0,997.5(06),10.0,
Cordoba,2000-12,5402,31.7(23),18.0,82.0,0.0,3.0,3.6,1022.8(12),3.0,1018.3,1007.2,7.3,21.4(07),14.2,0.0,0.0,1.0,21/21.1(24),7.0,12.0,38.0,0.0,14.0,0.6(17),226.0,111.0,2.0,0.0,400.0,159.7,16.0,4.0,9.0,0.0,10.6,0.0,11.3,15.2,0.0,985.8(26),12.0,
Cordoba,2000-13,5402,42.6(15/abr),58.0,60.0,0.0,13.0,8.5,1025.8(07/feb),14.0,1018.3,1007.5,10.9,43.8(31/jul),23.6,132.0,0.0,140.0,20/21.4(15/abr),20.0,168.0,69.0,0.0,82.0,-1.8(23/ene),,128.0,3.0,8.0,21384.0,527.4,99.0,16.0,9.0,8.0,9.4,0.0,18.2,25.5,0.0,981.0(02/abr),56.0,
Cordoba,2001-1,5402,29.8(11),16.0,84.0,0.0,4.0,3.9,1019.2(20),3.0,1020.7,1009.5,6.8,17.0(05),13.6,0.0,0.0,4.0,29/20.0(28),4.0,11.0,39.0,0.0,20.0,0.4(08),267.0,112.0,0.0,2.0,461.0,135.5,21.0,1.0,11.0,0.0,8.6,0.0,10.5,14.2,0.0,996.5(12),17.0,
Cordoba,2001-2,5402,8.1(07),9.0,72.0,2.0,4.0,6.6,1026.0(11),2.0,1022.7,1011.6,6.1,22.4(12),11.2,0.0,0.0,7.0,20/17.5(07),0.0,12.0,61.0,0.0,10.0,2.2(18),226.0,102.0,0.0,3.0,635.0,30.2,9.0,2.0,10.0,0.0,13.2,0.0,11.7,17.2,0.0,998.1(27),8.0,
Cordoba,2001-3,5402,79.9(03),12.0,75.0,0.0,0.0,5.2,1014.1(13),4.0,1016.0,1005.1,10.4,27.8(23),14.2,0.0,0.0,4.0,21/25.3(02),3.0,15.0,43.0,1.0,13.0,6.4(01),304.0,135.0,2.0,0.0,801.0,197.1,14.0,4.0,13.0,0.0,15.6,0.0,15.3,20.3,0.0,989.0(02),10.0,
Cordoba,2001-4,5402,15.5(30),3.0,53.0,0.0,0.0,9.6,1016.9(08),0.0,1018.3,1007.4,9.4,29.0(10),14.6,0.0,0.0,10.0,28/14.4(06),1.0,17.0,73.0,0.0,1.0,6.2(22),234.0,106.0,0.0,0.0,1786.0,15.5,3.0,1.0,10.0,0.0,20.4,0.0,17.1,24.9,0.0,996.2(19),1.0,
Cordoba,2001-5,5402,20.4(19),8.0,61.0,0.0,0.0,9.1,1013.3(28),0.0,1016.0,1005.2,12.6,36.4(28),17.4,10.0,0.0,5.0,18/15.0(18),2.0,18.0,64.0,0.0,9.0,7.0(01),203.0,143.0,0.0,0.0,1638.0,50.6,12.0,4.0,9.0,0.0,16.8,0.0,19.5,26.5,0.0,995.3(03),7.0,
Cordoba,2001-6,5402,0.9(08),0.0,43.0,0.0,0.0,12.7,1011.0(04),0.0,1016.3,1005.8,16.1,41.0(23),20.4,29.0,0.0,23.0,24/11.4(09),0.0,7.0,86.0,0.0,1.0,12.0(17),224.0,155.0,0.0,0.0,2862.0,0.9,2.0,0.0,9.0,0.0,29.0,0.0,25.6,35.1,0.0,1000.2(23),0.0,
Cordoba,2001-7,5402,0.4(30),1.0,45.0,0.0,0.0,11.4,1010.9(02),1.0,1015.2,1004.7,17.6,40.0(11),22.2,30.0,0.0,18.0,19/15.8(30),0.0,12.0,78.0,0.0,1.0,14.0(17),276.0,163.0,0.0,0.0,3214.0,0.4,1.0,1.0,11.0,0.0,28.0,0.0,26.2,34.8,0.0,996.5(04),0.0,
Cordoba,2001-8,5402,0.0(--),1.0,47.0,0.0,0.0,11.3,1011.3(06),0.0,1015.6,1005.2,19.4,42.0(24),23.2,31.0,0.0,18.0,24/10.3(01),0.0,12.0,83.0,0.0,0.0,15.4(18),246.0,186.0,0.0,0.0,3073.0,0.0,1.0,0.0,9.0,0.0,32.0,0.0,28.0,36.5,0.0,1000.3(24),0.0,
Cordoba,2001-9,5402,7.2(21),5.0,59.0,0.0,1.0,7.6,1012.1(25),0.0,1014.9,1004.3,17.6,37.0(09),21.0,18.0,0.0,10.0,22/13.3(22),0.0,15.0,60.0,0.0,5.0,12.2(26),242.0,180.0,0.0,0.0,1813.0,17.9,5.0,0.0,8.0,0.0,20.6,0.0,24.2,30.9,0.0,996.6(22),4.0,
Cordoba,2001-10,5402,43.7(19),7.0,68.0,0.0,0.0,6.6,1017.1(24),2.0,1018.9,1008.1,14.4,32.4(04),18.8,2.0,0.0,3.0,24/19.2(12),3.0,21.0,59.0,0.0,11.0,9.8(10),194.0,163.0,1.0,0.0,1092.0,82.7,11.0,4.0,7.0,0.0,17.4,0.0,20.2,26.0,0.0,996.2(20),7.0,
Cordoba,2001-11,5402,69.3(05),5.0,67.0,0.0,0.0,6.8,1018.8(29),2.0,1021.1,1010.0,6.5,27.6(01),14.6,0.0,0.0,12.0,34/17.5(14),2.0,13.0,67.0,0.0,4.0,-0.6(11),177.0,100.0,1.0,0.0,688.0,94.4,8.0,0.0,7.0,2.0,12.2,0.0,12.2,17.9,0.0,999.3(09),3.0,
Cordoba,2001-12,5402,73.3(23),8.0,69.0,0.0,1.0,4.8,1021.1(05),0.0,1021.5,1010.2,4.5,19.8(07),10.8,0.0,0.0,6.0,05/11.9(15),2.0,17.0,50.0,0.0,7.0,-0.8(16),197.0,86.0,1.0,0.0,646.0,101.8,10.0,0.0,8.0,1.0,11.0,0.0,9.9,15.3,0.0,993.7(23),6.0,
Cordoba,2001-13,5402,79.9(03/mar),75.0,62.0,2.0,10.0,8.0,1026.0(11/feb),14.0,1018.1,1007.3,11.8,42.0(24/ago),23.2,120.0,0.0,120.0,21/25.3(02/mar),17.0,170.0,64.0,1.0,82.0,-0.8(16/dic),233.0,136.0,5.0,5.0,18709.0,727.0,97.0,17.0,9.0,3.0,8.6,0.0,18.4,25.0,0.0,989.0(02/mar),63.0,
Cordoba,2002-1,5402,15.6(02),7.0,78.0,0.0,5.0,6.4,1023.6(11),1.0,1027.4,1016.2,4.9,20.0(28),10.8,0.0,1.0,8.0,20/20.0(23),2.0,16.0,65.0,0.0,7.0,1.5(21),167.0,102.0,0.0,3.0,460.0,40.5,6.0,0.0,7.0,0.0,12.2,0.0,10.5,16.0,0.0,1005.4(23),5.0,
Cordoba,2002-2,5402,2.4(28),5.0,69.0,0.0,2.0,7.4,1023.0(20),0.0,1024.7,1013.6,3.9,23.0(12),8.2,0.0,0.0,13.0,05/13.3(15),0.0,10.0,69.0,0.0,3.0,-0.6(20),143.0,96.0,0.0,1.0,593.0,4.1,5.0,0.0,5.0,1.0,13.4,0.0,11.5,19.0,0.0,1002.9(28),2.0,
Cordoba,2002-3,5402,40.9(15),10.0,70.0,1.0,1.0,6.3,1018.4(21),2.0,1017.5,1006.6,8.8,30.2(23),12.8,1.0,0.0,9.0,19/17.5(13),4.0,12.0,52.0,0.0,13.0,3.4(08),193.0,120.0,2.0,1.0,772.0,130.6,13.0,3.0,8.0,0.0,14.2,0.0,14.8,20.8,0.0,995.9(13),10.0,
Cordoba,2002-4,5402,23.8(11),9.0,67.0,0.0,1.0,7.0,1018.2(22),1.0,1014.7,1003.8,9.5,32.4(26),14.4,2.0,0.0,7.0,05/16.9(03),1.0,14.0,53.0,0.0,12.0,5.6(12),186.0,125.0,0.0,0.0,1016.0,60.8,14.0,4.0,7.0,0.0,13.2,0.0,16.0,22.5,0.0,979.7(11),6.0,
Cordoba,2002-5,5402,5.6(07),8.0,50.0,0.0,0.0,10.0,1017.5(14),0.0,1016.1,1005.3,11.2,36.8(16),17.6,12.0,0.0,10.0,31/15.0(02),0.0,13.0,70.0,0.0,6.0,5.6(04),229.0,115.0,0.0,0.0,1976.0,12.9,7.0,0.0,10.0,0.0,17.2,0.0,19.2,27.2,0.0,993.9(07),4.0,
Cordoba,2002-6,5402,11.7(04),4.0,50.0,0.0,0.0,11.0,1010.3(22),1.0,1016.3,1005.8,16.7,39.0(16),20.6,21.0,0.0,13.0,20/15.3(04),1.0,13.0,74.0,0.0,1.0,10.4(09),287.0,164.0,0.0,0.0,2572.0,11.7,4.0,2.0,11.0,0.0,22.9,0.0,24.7,32.6,0.0,998.9(05),1.0,
Cordoba,2002-7,5402,0.0(--),0.0,46.0,0.0,0.0,12.6,1010.2(24),0.0,1015.0,1004.6,18.2,40.6(27),22.0,30.0,0.0,23.0,06/12.2(14),0.0,8.0,87.0,0.0,0.0,13.8(15),248.0,182.0,0.0,0.0,3095.0,0.0,0.0,0.0,10.0,0.0,29.6,0.0,27.3,36.3,0.0,998.7(31),0.0,
Cordoba,2002-8,5402,0.1(25),1.0,48.0,0.0,0.0,11.0,1010.7(31),0.0,1015.0,1004.5,18.3,40.6(13),20.8,29.0,0.0,18.0,24/11.4(02),0.0,12.0,81.0,0.0,1.0,15.0(29),284.0,166.0,0.0,0.0,3055.0,0.1,1.0,0.0,11.0,0.0,29.0,0.0,26.5,34.7,0.0,999.0(01),0.0,
Cordoba,2002-9,5402,42.2(16),8.0,63.0,0.0,0.0,6.7,1011.3(30),0.0,1016.4,1005.7,16.7,35.5(01),19.4,13.0,0.0,4.0,24/13.3(15),1.0,18.0,54.0,0.0,8.0,13.0(06),220.0,174.0,1.0,0.0,1617.0,69.8,10.0,2.0,8.0,0.0,21.2,0.0,23.0,29.3,0.0,999.0(13),8.0,
Cordoba,2002-10,5402,10.4(01),7.0,72.0,1.0,3.0,6.7,1016.6(27),1.0,1018.3,1007.5,13.4,29.0(19),19.0,0.0,0.0,4.0,22/16.9(21),2.0,20.0,60.0,0.0,9.0,6.6(11),177.0,160.0,0.0,1.0,834.0,42.3,8.0,2.0,7.0,0.0,20.2,0.0,19.1,24.7,0.0,995.1(09),8.0,
Cordoba,2002-11,5402,20.0(14),8.0,79.0,1.0,7.0,4.5,1022.3(30),3.0,1018.0,1007.0,8.4,26.0(03),13.5,0.0,0.0,2.0,20/25.8(13),8.0,20.0,44.0,1.0,14.0,3.8(26),171.0,125.0,0.0,2.0,538.0,122.1,13.0,2.0,7.0,0.0,12.6,0.0,13.7,18.9,0.0,981.3(14),9.0,
Cordoba,2002-12,5402,32.3(18),9.0,86.0,0.0,9.0,4.4,1019.9(01),1.0,1021.0,1009.9,8.0,19.0(25),15.2,0.0,0.0,3.0,24/17.5(27),5.0,19.0,45.0,0.0,15.0,0.8(08),185.0,124.0,1.0,6.0,332.0,139.8,15.0,0.0,8.0,0.0,10.4,0.0,12.1,16.1,1.0,996.5(27),12.0,
Cordoba,2002-13,5402,42.2(16/sep),76.0,65.0,3.0,28.0,7.8,1023.6(11/ene),10.0,1018.4,1007.5,11.5,40.6(27/jul),22.0,108.0,1.0,114.0,20/25.8(13/nov),24.0,175.0,63.0,1.0,89.0,-0.6(20/feb),208.0,138.0,4.0,14.0,16860.0,634.7,96.0,15.0,8.0,1.0,10.4,0.0,18.2,24.8,1.0,979.7(11/abr),65.0,
Cordoba,2003-1,5402,15.4(07),9.0,76.0,0.0,3.0,5.6,1024.4(14),2.0,1024.1,1012.8,3.5,20.4(28),12.6,0.0,0.0,12.0,21/17.5(20),3.0,10.0,56.0,0.0,11.0,-2.1(17),211.0,91.0,0.0,2.0,505.0,75.5,11.0,0.0,8.0,6.0,9.8,0.0,8.9,14.2,0.0,995.4(09),9.0,
Cordoba,2003-2,5402,28.3(26),10.0,78.0,1.0,1.0,5.1,1021.5(01),1.0,1020.6,1009.4,4.3,18.5(23),10.0,0.0,0.0,7.0,24/19.4(19),3.0,11.0,48.0,0.0,11.0,-1.8(02),167.0,99.0,0.0,0.0,417.0,101.7,11.0,3.0,7.0,4.0,10.6,0.0,9.9,15.5,0.0,996.3(25),10.0,
Cordoba,2003-3,5402,23.6(27),8.0,69.0,0.0,0.0,6.4,1019.2(01),2.0,1020.3,1009.3,8.8,28.2(12),13.2,0.0,0.0,5.0,21/18.1(30),1.0,18.0,54.0,0.0,7.0,4.2(20),202.0,120.0,0.0,0.0,849.0,53.9,8.0,1.0,7.0,0.0,14.2,0.0,15.0,21.3,0.0,997.7(22),7.0,
Cordoba,2003-4,5402,13.6(19),6.0,65.0,0.0,1.0,7.9,1013.7(01),2.0,1015.4,1004.6,10.5,28.3(27),15.6,0.0,0.0,6.0,24/22.2(13),1.0,18.0,60.0,0.0,8.0,5.0(05),235.0,125.0,0.0,0.0,1208.0,28.8,8.0,0.0,10.0,0.0,18.2,0.0,16.5,22.5,0.0,997.4(07),6.0,
Cordoba,2003-5,5402,3.0(07),4.0,49.0,0.0,0.0,10.7,1016.5(22),,1017.0,1006.4,13.5,35.5(23),17.2,19.0,0.0,14.0,,0.0,13.0,75.0,,1.0,9.8(01),,137.0,0.0,0.0,1929.0,3.0,4.0,0.0,8.0,0.0,18.2,0.0,21.7,29.9,0.0,998.7(24),1.0,
Cordoba,2003-6,5402,0.0(--),3.0,48.0,0.0,0.0,11.4,1010.6(14),0.0,1014.7,1004.3,18.7,40.8(19),23.4,27.0,0.0,13.0,26/13.3(23),0.0,14.0,77.0,0.0,0.0,15.0(28),250.0,179.0,0.0,0.0,2692.0,0.0,1.0,0.0,11.0,0.0,28.0,0.0,26.9,35.1,0.0,998.9(21),0.0,
Cordoba,2003-7,5402,0.0(--),0.0,41.0,0.0,0.0,12.3,1010.5(18),0.0,1015.6,1005.3,18.7,44.5(31),25.2,31.0,0.0,22.0,26/13.3(15),0.0,9.0,85.0,0.0,0.0,13.8(16),220.0,162.0,0.0,0.0,3466.0,0.0,0.0,0.0,9.0,0.0,30.4,0.0,27.9,37.1,0.0,999.0(14),0.0,
Cordoba,2003-8,5402,1.0(22),0.0,41.0,0.0,0.0,11.4,1010.6(13),0.0,1015.3,1004.9,21.0,46.2(01),24.0,31.0,0.0,18.0,23/15.0(28),0.0,13.0,84.0,0.0,1.0,15.6(27),227.0,175.0,0.0,0.0,3538.0,1.0,2.0,1.0,9.0,0.0,30.3,0.0,29.6,38.1,0.0,1000.2(28),1.0,
Cordoba,2003-9,5402,39.0(30),1.0,49.0,0.0,0.0,9.4,1013.3(21),0.0,1017.6,1007.1,17.4,37.4(14),20.3,28.0,0.0,14.0,27/12.2(02),1.0,15.0,76.0,0.0,3.0,13.8(11),213.0,157.0,1.0,0.0,2326.0,40.2,3.0,1.0,8.0,0.0,22.8,0.0,25.2,33.0,0.0,997.7(30),1.0,
Cordoba,2003-10,5402,25.6(28),15.0,76.0,0.0,2.0,4.9,1012.1(08),1.0,1014.4,1003.6,14.6,29.8(09),18.8,0.0,0.0,4.0,22/21.7(31),7.0,12.0,44.0,0.0,20.0,6.4(24),215.0,164.0,0.0,1.0,757.0,180.1,20.0,3.0,8.0,0.0,16.8,0.0,18.8,23.0,0.0,985.0(31),16.0,
Cordoba,2003-11,5402,27.8(22),12.0,80.0,0.0,4.0,4.9,1016.7(14),1.0,1017.8,1006.8,9.5,22.6(14),12.1,0.0,0.0,3.0,23/15.6(23),3.0,15.0,48.0,0.0,8.0,3.0(28),174.0,132.0,0.0,2.0,453.0,71.0,9.0,0.0,7.0,0.0,13.4,0.0,14.1,18.7,0.0,988.9(23),7.0,
Cordoba,2003-12,5402,27.8(09),8.0,83.0,0.0,6.0,5.0,1021.2(23),0.0,1021.4,1010.2,5.8,19.6(13),9.4,0.0,1.0,8.0,30/12.8(01),4.0,15.0,53.0,0.0,9.0,0.6(29),172.0,107.0,0.0,2.0,336.0,94.7,11.0,0.0,8.0,0.0,10.2,0.0,10.4,14.9,0.0,991.9(09),8.0,
Cordoba,2003-13,5402,39.0(30/sep),76.0,63.0,1.0,17.0,7.9,1024.4(14/ene),,1017.9,1007.1,12.2,46.2(01/ago),25.2,136.0,1.0,126.0,,23.0,163.0,63.0,,79.0,-2.1(17/ene),,137.0,1.0,7.0,18476.0,649.9,88.0,9.0,8.0,10.0,9.8,0.0,18.7,25.3,0.0,985.0(31/oct),66.0,
Cordoba,2004-1,5402,13.2(27),9.0,81.0,0.0,6.0,5.7,1018.8(10),0.0,1022.3,1011.1,5.0,20.6(12),11.6,0.0,0.0,8.0,24/13.3(27),1.0,14.0,58.0,0.0,5.0,-2.5(20),149.0,108.0,0.0,1.0,448.0,17.6,4.0,0.0,6.0,4.0,12.2,0.0,10.5,15.9,1.0,1002.3(28),4.0,
Cordoba,2004-2,5402,19.5(23),6.0,78.0,0.0,2.0,6.0,1024.0(05),0.0,1020.3,1009.2,5.9,23.0(05),11.7,0.0,0.0,7.0,22/13.9(21),5.0,16.0,56.0,0.0,8.0,0.2(28),174.0,111.0,0.0,1.0,521.0,87.4,9.0,1.0,7.0,0.0,11.4,0.0,11.7,17.4,0.0,982.2(21),8.0,
Cordoba,2004-3,5402,33.8(28),10.0,73.0,0.0,0.0,6.1,1024.0(03),0.0,1021.0,1009.9,6.9,27.0(21),11.2,0.0,0.0,4.0,35/15.0(12),4.0,17.0,51.0,0.0,9.0,-1.6(03),201.0,116.0,1.0,0.0,874.0,85.6,9.0,0.0,8.0,2.0,12.4,0.0,13.0,19.0,0.0,991.9(28),8.0,
Cordoba,2004-4,5402,9.1(01),7.0,62.0,0.0,0.0,8.5,1018.3(03),2.0,1015.4,1004.5,8.5,29.8(26),14.5,0.0,0.0,8.0,36/18.1(10),0.0,15.0,64.0,0.0,10.0,3.1(12),241.0,113.0,0.0,0.0,1279.0,25.8,10.0,1.0,10.0,0.0,13.6,0.0,15.3,22.1,0.0,994.1(29),3.0,
Cordoba,2004-5,5402,26.0(24),13.0,64.0,0.0,0.0,7.5,1012.9(28),,1015.5,1004.7,11.9,34.0(31),16.3,3.0,0.0,5.0,,3.0,13.0,53.0,,11.0,5.7(08),,138.0,0.0,0.0,1335.0,99.6,11.0,1.0,9.0,0.0,14.5,0.0,18.2,24.5,0.0,986.5(03),9.0,
Cordoba,2004-6,5402,0.0(--),2.0,47.0,0.0,0.0,11.6,1010.3(10),1.0,1016.7,1006.2,18.2,42.2(28),22.2,28.0,0.0,17.0,35/21.7(29),0.0,11.0,79.0,0.0,0.0,14.0(16),185.0,181.0,0.0,0.0,2397.0,0.0,0.0,3.0,8.0,0.0,28.4,0.0,26.7,35.2,0.0,1000.7(20),0.0,
Cordoba,2004-7,5402,0.0(--),1.0,43.0,0.0,0.0,11.8,1010.6(08),0.0,1015.1,1004.7,19.3,43.8(24),27.0,31.0,0.0,20.0,24/12.2(06),0.0,10.0,81.0,0.0,0.0,13.0(09),203.0,181.0,0.0,0.0,3270.0,0.0,0.0,0.0,9.0,0.0,30.3,0.0,28.3,37.3,0.0,999.4(06),0.0,
Cordoba,2004-8,5402,2.9(09),2.0,45.0,0.0,0.0,11.0,1010.1(20),0.0,1014.9,1004.5,19.6,43.6(25),23.4,30.0,0.0,19.0,24/13.9(09),0.0,10.0,81.0,0.0,1.0,15.0(21),249.0,174.0,0.0,0.0,3334.0,2.9,1.0,0.0,10.0,0.0,29.2,0.0,28.0,36.4,0.0,998.1(07),1.0,
Cordoba,2004-9,5402,5.5(03),3.0,53.0,0.0,0.0,9.1,1011.8(22),0.0,1017.5,1007.0,17.0,38.3(23),22.4,27.0,0.0,11.0,25/13.3(02),0.0,16.0,74.0,0.0,1.0,13.9(29),187.0,171.0,0.0,0.0,2426.0,5.5,2.0,1.0,7.0,0.0,25.1,0.0,25.2,33.4,0.0,1001.7(01),1.0,
Cordoba,2004-10,5402,44.2(21),7.0,69.0,0.0,3.0,6.3,1011.5(02),4.0,1015.9,1005.2,13.1,36.0(02),20.2,8.0,0.0,8.0,28/19.2(29),4.0,16.0,55.0,0.0,13.0,7.3(14),198.0,156.0,2.0,1.0,1265.0,140.0,13.0,1.0,8.0,0.0,14.7,0.0,19.5,25.8,1.0,991.8(27),11.0,
Cordoba,2004-11,5402,0.8(30),3.0,72.0,0.0,1.0,7.1,1020.4(17),0.0,1020.9,1009.8,6.1,24.4(06),13.3,0.0,0.0,14.0,35/11.1(12),0.0,13.0,70.0,0.0,3.0,-0.4(16),148.0,108.0,0.0,1.0,710.0,1.6,4.0,0.0,5.0,1.0,15.7,0.0,12.7,19.3,0.0,994.1(30),0.0,
Cordoba,2004-12,5402,23.3(01),4.0,79.0,0.0,8.0,5.9,1022.6(31),1.0,1021.3,1010.0,3.6,18.5(11),9.6,0.0,0.0,8.0,32/17.5(26),2.0,19.0,62.0,0.0,4.0,-4.8(28),161.0,97.0,0.0,4.0,506.0,45.5,4.0,0.0,7.0,5.0,9.2,0.0,9.5,15.3,0.0,987.9(01),4.0,
Cordoba,2004-13,5402,44.2(21/oct),67.0,64.0,0.0,20.0,8.1,1024.0(05/feb),,1018.1,1007.2,11.3,43.8(24/jul),27.0,127.0,0.0,129.0,,19.0,170.0,65.0,,65.0,-4.8(28/dic),,138.0,3.0,8.0,18365.0,511.5,67.0,8.0,8.0,12.0,9.2,0.0,18.2,25.1,2.0,982.2(21/feb),49.0,
Cordoba,2005-1,5402,0.0(--),1.0,67.0,0.0,0.0,8.6,1027.2(06),1.0,1027.7,1016.3,-0.9,20.5(21),4.4,0.0,0.0,23.0,02/15.6(26),0.0,7.0,87.0,0.0,0.0,-8.2(28),139.0,72.0,0.0,0.0,546.0,0.0,0.0,0.0,6.0,21.0,7.1,0.0,7.4,15.7,0.0,1004.3(26),0.0,
Cordoba,2005-2,5402,29.8(27),4.0,64.0,0.0,0.0,7.8,1029.0(11),0.0,1019.9,1008.7,1.0,20.2(13),5.4,0.0,0.0,16.0,01/14.4(08),2.0,8.0,73.0,0.0,6.0,-4.9(01),201.0,71.0,0.0,0.0,884.0,57.9,7.0,1.0,8.0,12.0,6.8,0.0,8.3,15.5,0.0,989.9(28),5.0,
Cordoba,2005-3,5402,6.7(01),12.0,66.0,0.0,0.0,6.4,1017.4(17),0.0,1018.4,1007.4,7.9,29.8(31),14.6,0.0,0.0,3.0,24/15.0(26),0.0,16.0,53.0,0.0,9.0,-1.8(08),208.0,111.0,0.0,0.0,1266.0,17.5,11.0,0.0,8.0,3.0,6.7,0.0,14.1,20.2,0.0,990.9(01),6.0,
Cordoba,2005-4,5402,24.0(02),5.0,55.0,0.0,0.0,9.4,1017.2(10),3.0,1017.1,1006.3,9.4,33.2(29),13.5,4.0,0.0,9.0,36/16.9(15),1.0,16.0,71.0,0.0,3.0,5.4(10),229.0,113.0,0.0,0.0,1736.0,34.1,3.0,2.0,10.0,0.0,16.6,0.0,17.0,24.7,0.0,998.7(07),3.0,
Cordoba,2005-5,5402,27.3(12),5.0,49.0,0.0,0.0,10.0,1012.1(14),2.0,1016.6,1006.0,14.0,35.7(26),21.0,18.0,0.0,8.0,29/20.6(16),1.0,18.0,70.0,0.0,6.0,9.0(17),227.0,138.0,0.0,0.0,2586.0,37.3,6.0,1.0,10.0,0.0,21.6,0.0,22.0,29.9,0.0,999.7(11),5.0,73001.0
Cordoba,2005-6,5402,0.0(--),0.0,45.0,0.0,0.0,11.5,1010.9(15),0.0,1015.7,1005.2,18.1,41.6(22),22.4,29.0,0.0,12.0,24/13.3(12),0.0,18.0,78.0,0.0,0.0,15.4(29),229.0,175.0,0.0,0.0,3527.0,0.0,1.0,0.0,10.0,0.0,29.6,0.0,27.0,35.7,0.0,998.2(11),0.0,75573.0
Cordoba,2005-7,5402,0.0(--),1.0,45.0,0.0,0.0,12.2,1011.4(20),0.0,1015.2,1004.8,19.5,42.5(20),22.6,31.0,0.0,22.0,25/13.3(27),0.0,8.0,84.0,0.0,0.0,14.7(30),264.0,187.0,0.0,0.0,3844.0,0.0,0.0,0.0,11.0,0.0,32.6,0.0,28.4,37.3,0.0,999.7(07),0.0,83291.0
Cordoba,2005-8,5402,0.0(--),1.0,39.0,0.0,0.0,11.1,1009.7(22),0.0,1015.2,1004.8,19.4,44.8(07),24.3,31.0,0.0,20.0,24/13.9(09),0.0,10.0,81.0,0.0,0.0,14.8(26),227.0,155.0,0.0,0.0,3568.0,0.0,1.0,0.0,9.0,0.0,31.8,0.0,28.5,37.5,0.0,999.5(16),0.0,57022.0
Cordoba,2005-9,5402,10.3(07),0.0,46.0,0.0,0.0,9.7,1013.5(29),0.0,1017.6,1007.0,15.9,38.4(04),20.4,24.0,0.0,15.0,22/13.3(17),1.0,15.0,78.0,0.0,2.0,9.1(20),201.0,141.0,0.0,0.0,2515.0,19.9,3.0,1.0,7.0,0.0,25.3,0.0,23.9,31.9,0.0,1000.6(07),2.0,56172.0
Cordoba,2005-10,5402,91.2(11),10.0,66.0,0.0,5.0,6.2,1013.0(25),,1018.1,1007.3,13.4,34.4(01),17.4,5.0,0.0,8.0,,4.0,13.0,55.0,,10.0,7.6(06),,147.0,1.0,2.0,1171.0,171.4,11.0,2.0,7.0,0.0,18.7,0.0,19.4,25.4,0.0,1000.9(11),7.0,33638.0
Cordoba,2005-11,5402,9.1(14),4.0,70.0,0.0,2.0,6.3,1020.8(09),0.0,1018.8,1007.7,7.1,24.0(02),13.7,0.0,0.0,6.0,34/11.4(09),0.0,20.0,62.0,0.0,6.0,0.2(30),181.0,104.0,0.0,1.0,849.0,13.7,7.0,0.0,7.0,0.0,12.0,0.0,12.5,17.9,1.0,996.1(26),3.0,
Cordoba,2005-12,5402,41.2(02),7.0,76.0,0.0,6.0,5.8,1017.4(09),1.0,1021.5,1010.3,5.1,18.6(03),13.2,0.0,0.0,14.0,23/18.6(02),3.0,10.0,60.0,0.0,8.0,-2.2(17),205.0,98.0,1.0,1.0,667.0,70.8,8.0,0.0,8.0,4.0,12.6,0.0,10.3,15.4,0.0,999.0(02),5.0,
Cordoba,2005-13,5402,91.2(11/oct),50.0,57.0,0.0,13.0,8.8,1029.0(11/feb),,1018.5,1007.7,10.8,44.8(07/ago),24.3,142.0,0.0,156.0,,12.0,159.0,71.0,,50.0,-8.2(28/ene),,126.0,2.0,4.0,23159.0,422.6,58.0,7.0,8.0,40.0,6.7,0.0,18.2,25.6,1.0,989.9(28/feb),36.0,
Cordoba,2006-1,5402,32.8(27),11.0,79.0,0.0,6.0,5.7,1019.5(11),0.0,1021.0,1009.7,3.3,18.2(19),8.5,0.0,0.0,10.0,02/11.9(28),2.0,10.0,58.0,0.0,9.0,-1.1(05),138.0,92.0,1.0,3.0,407.0,71.7,8.0,0.0,5.0,3.0,5.4,2.0,8.6,14.0,0.0,994.9(27),7.0,
Cordoba,2006-2,5402,20.5(25),9.0,78.0,0.0,4.0,5.7,1015.3(06),2.0,1018.2,1007.1,4.5,22.6(11),9.6,0.0,0.0,6.0,22/19.4(19),3.0,13.0,53.0,0.0,9.0,-0.8(23),188.0,98.0,0.0,2.0,477.0,58.6,10.0,1.0,7.0,2.0,10.4,0.0,10.1,15.7,1.0,993.1(26),7.0,31196.0
Cordoba,2006-3,5402,17.0(19),11.0,72.0,0.0,2.0,6.2,1021.0(07),2.0,1018.6,1007.6,8.3,26.6(30),13.8,0.0,0.0,8.0,25/18.9(04),3.0,12.0,52.0,0.0,8.0,0.6(06),225.0,119.0,0.0,1.0,929.0,67.3,8.0,0.0,9.0,0.0,14.0,0.0,14.0,19.8,0.0,990.9(18),7.0,47737.0
Cordoba,2006-4,5402,17.1(05),5.0,,0.0,1.0,7.9,1011.9(02),2.0,1015.1,1004.3,11.8,30.7(03),15.7,1.0,0.0,2.0,23/16.9(04),2.0,23.0,60.0,0.0,7.0,8.2(01),216.0,145.0,0.0,0.0,1241.0,37.2,8.0,1.0,9.0,0.0,18.8,0.0,18.2,24.6,0.0,995.5(23),4.0,60243.0
Cordoba,2006-5,5402,16.8(03),4.0,,0.0,0.0,8.9,1014.7(25),0.0,1016.4,1005.8,14.4,40.1(17),19.6,16.0,0.0,5.0,07/12.8(26),1.0,22.0,62.0,0.0,2.0,7.0(24),205.0,156.0,0.0,0.0,1934.0,25.6,5.0,0.0,9.0,0.0,19.8,0.0,22.1,29.8,0.0,995.8(02),2.0,69700.0
Cordoba,2006-6,5402,0.8(16),1.0,49.0,0.0,0.0,11.0,1011.8(02),0.0,1015.8,1005.3,17.7,41.0(22),22.4,27.0,0.0,13.0,22/15.0(08),0.0,16.0,75.0,0.0,2.0,11.2(02),249.0,171.0,0.0,0.0,2735.0,1.1,2.0,1.0,10.0,0.0,25.4,0.0,25.8,33.8,0.0,999.3(13),0.0,76392.0
Cordoba,2006-7,5402,0.2(11),2.0,39.0,0.0,0.0,11.3,1010.7(10),0.0,1016.1,1005.8,20.4,43.0(10),26.6,31.0,0.0,22.0,19/14.4(13),0.0,7.0,78.0,0.0,1.0,16.2(03),226.0,167.0,0.0,0.0,3961.0,0.2,1.0,1.0,10.0,0.0,32.0,0.0,29.5,38.5,0.0,1000.2(29),0.0,80859.0
Cordoba,2006-8,5402,33.8(17),0.0,47.0,0.0,0.0,11.3,1010.4(20),,1014.1,1003.7,20.5,42.5(30),24.3,27.0,0.0,22.0,,2.0,9.0,83.0,,2.0,16.0(19),,188.0,1.0,0.0,3377.0,48.2,2.0,0.0,9.0,0.0,26.9,0.0,28.7,36.8,0.0,998.0(03),2.0,77362.0
Cordoba,2006-9,5402,15.0(21),3.0,52.0,0.0,0.0,8.2,1011.6(04),,1015.8,1005.3,18.4,41.6(03),22.6,19.0,0.0,6.0,,2.0,21.0,66.0,,4.0,13.1(17),,165.0,0.0,0.0,2434.0,32.4,6.0,2.0,8.0,0.0,25.2,0.0,25.5,32.6,0.0,998.3(21),3.0,
Cordoba,2006-10,5402,52.3(17),10.0,65.0,0.0,0.0,5.6,1015.7(05),,1016.3,1005.6,15.4,32.8(08),20.0,7.0,0.0,5.0,,4.0,16.0,50.0,,10.0,11.0(06),,161.0,2.0,0.0,1380.0,133.7,12.0,1.0,10.0,0.0,19.2,0.0,21.2,27.0,0.0,994.8(25),8.0,
Cordoba,2006-11,5402,27.4(16),10.0,80.0,0.0,2.0,5.0,1019.6(12),,1021.6,1010.6,11.3,26.2(01),17.5,0.0,0.0,6.0,,2.0,14.0,49.0,,11.0,6.6(20),,145.0,0.0,1.0,559.0,66.5,14.0,0.0,6.0,0.0,15.8,0.0,15.9,20.5,0.0,997.9(25),7.0,
Cordoba,2006-12,5402,16.7(05),3.0,76.0,0.0,0.0,6.4,1029.8(31),1.0,1027.1,1015.9,3.9,19.1(31),10.5,0.0,0.0,13.0,28/16.9(05),2.0,15.0,67.0,0.0,5.0,0.1(22),156.0,92.0,0.0,0.0,440.0,45.9,5.0,0.0,8.0,0.0,10.4,0.0,9.9,15.8,0.0,1002.4(08),4.0,
Cordoba,2006-13,5402,52.3(17/oct),69.0,,0.0,15.0,7.8,1029.8(31/dic),,1018.0,1007.2,12.5,43.0(10/jul),26.6,128.0,0.0,118.0,,23.0,178.0,63.0,,70.0,-1.1(05/ene),,142.0,4.0,7.0,19874.0,588.4,81.0,7.0,8.0,5.0,5.4,2.0,19.1,25.7,1.0,990.9(18/mar),51.0,
Cordoba,2007-1,5402,3.2(25),3.0,,0.0,2.0,6.0,1029.0(01),,1026.3,1015.0,2.4,22.9(20),6.7,0.0,0.0,8.0,,0.0,20.0,61.0,,8.0,-2.6(25),,88.0,0.0,1.0,403.0,13.3,8.0,0.0,7.0,3.0,5.9,1.0,9.3,16.2,0.0,996.5(25),5.0,
Cordoba,2007-2,5402,16.2(08),13.0,80.0,0.0,5.0,3.9,1017.7(27),2.0,1020.5,1009.4,8.1,23.7(16),14.6,0.0,0.0,0.0,22/18.1(16),2.0,15.0,36.0,0.0,17.0,2.9(07),203.0,120.0,0.0,4.0,526.0,63.3,17.0,0.0,9.0,0.0,13.4,0.0,12.8,17.4,0.0,995.8(08),12.0,23847.0
Cordoba,2007-3,5402,24.9(31),3.0,57.0,0.0,0.0,7.9,1021.5(09),,1020.4,1009.3,5.8,26.6(03),12.3,0.0,0.0,8.0,,1.0,20.0,66.0,,5.0,0.3(23),,86.0,0.0,0.0,1545.0,30.5,6.0,0.0,9.0,0.0,13.6,0.0,13.3,20.8,0.0,998.5(24),4.0,55621.0
Cordoba,2007-4,5402,14.2(25),14.0,63.0,1.0,0.0,6.4,1009.9(22),1.0,1015.0,1004.1,10.6,30.1(23),13.8,1.0,0.0,3.0,31/16.9(25),3.0,13.0,48.0,0.0,15.0,5.3(06),177.0,117.0,0.0,0.0,1244.0,60.3,14.0,5.0,9.0,0.0,12.1,0.0,16.4,22.2,0.0,997.2(01),11.0,54250.0
Cordoba,2007-5,5402,41.4(02),6.0,52.0,1.0,2.0,9.2,1016.2(08),,1015.5,1004.8,12.8,36.0(18),17.2,8.0,0.0,12.0,,3.0,13.0,65.0,,9.0,8.4(06),,123.0,2.0,0.0,2015.0,116.6,10.0,2.0,10.0,0.0,16.7,0.0,19.9,26.9,0.0,993.8(19),8.0,76085.0
Cordoba,2007-6,5402,5.9(15),3.0,44.0,0.0,0.0,10.7,1010.6(02),,1014.0,1003.5,16.1,38.3(30),19.1,20.0,0.0,13.0,,0.0,14.0,72.0,,2.0,11.8(01),,134.0,0.0,0.0,2902.0,7.6,5.0,0.0,11.0,0.0,23.6,0.0,23.8,31.4,0.0,995.0(06),2.0,79957.0
Cordoba,2007-7,5402,0.0(--),0.0,29.0,0.0,0.0,12.6,1008.2(10),,1014.0,1003.6,19.1,43.6(28),21.3,31.0,0.0,29.0,,0.0,2.0,87.0,,0.0,15.1(22),,118.0,0.0,0.0,4253.0,0.0,0.0,0.0,10.0,0.0,32.4,0.0,28.4,37.5,0.0,998.6(23),0.0,
Cordoba,2007-8,5402,0.1(04),2.0,35.0,0.0,0.0,10.8,1007.2(14),0.0,1011.9,1001.5,18.8,43.2(04),22.7,31.0,0.0,23.0,26/13.9(09),0.0,6.0,80.0,0.0,2.0,14.9(23),217.0,129.0,0.0,0.0,3622.0,0.2,2.0,1.0,10.0,0.0,31.8,0.0,27.5,36.1,0.0,993.3(21),0.0,77212.0
Cordoba,2007-9,5402,23.1(20),4.0,50.0,0.0,0.0,7.6,1012.0(21),1.0,1015.6,1005.1,18.3,38.8(05),21.1,22.0,0.0,9.0,20/16.4(20),1.0,17.0,61.0,0.0,5.0,14.3(27),175.0,152.0,0.0,0.0,2177.0,29.5,6.0,5.0,8.0,0.0,24.2,0.0,25.1,31.9,0.0,997.8(27),2.0,53433.0
Cordoba,2007-10,5402,11.1(02),5.0,57.0,0.0,0.0,7.8,1012.5(28),0.0,1017.3,1006.6,12.7,31.5(09),16.8,5.0,0.0,13.0,26/11.4(02),1.0,13.0,70.0,0.0,4.0,7.5(31),137.0,127.0,0.0,0.0,1393.0,25.6,6.0,4.0,7.0,0.0,16.9,0.0,19.6,26.5,0.0,999.0(25),4.0,
Cordoba,2007-11,5402,109.3(20),3.0,57.0,0.0,0.0,7.4,1016.5(07),,1018.4,1007.4,5.8,27.4(06),14.2,0.0,0.0,16.0,,1.0,11.0,72.0,,5.0,-0.3(17),,84.0,1.0,0.0,943.0,114.8,5.0,1.0,5.0,1.0,16.1,0.0,13.3,20.8,0.0,994.3(20),3.0,
Cordoba,2007-12,5402,17.6(25),6.0,72.0,0.0,5.0,5.9,1021.5(28),0.0,1024.4,1013.1,4.4,20.5(04),10.2,0.0,0.0,13.0,10/9.2(04),1.0,12.0,61.0,0.0,7.0,-0.2(16),113.0,91.0,0.0,4.0,514.0,26.6,6.0,0.0,5.0,1.0,13.8,0.0,10.5,16.5,0.0,1001.2(21),4.0,
Cordoba,2007-13,5402,109.3(20/nov),62.0,,2.0,14.0,8.0,1029.0(01/ene),,1017.8,1007.0,11.2,43.6(28/jul),22.7,118.0,0.0,147.0,,13.0,156.0,65.0,,79.0,-2.6(25/ene),,114.0,3.0,9.0,21537.0,488.3,85.0,18.0,8.0,5.0,5.9,1.0,18.3,25.4,0.0,993.3(21/ago),55.0,
Cordoba,2008-1,5402,38.9(02),9.0,76.0,0.0,3.0,5.5,1024.7(27),1.0,1025.0,1013.8,5.1,21.8(23),10.2,0.0,0.0,11.0,22/20.0(03),2.0,11.0,55.0,0.0,9.0,1.2(12),109.0,101.0,1.0,3.0,470.0,70.0,11.0,0.0,5.0,0.0,11.6,0.0,11.1,16.9,0.0,989.3(03),6.0,
Cordoba,2008-2,5402,22.3(19),8.0,67.0,0.0,3.0,6.2,1021.0(06),0.0,1022.8,1011.7,7.4,24.0(27),12.2,0.0,0.0,6.0,22/10.8(03),2.0,15.0,58.0,0.0,8.0,1.5(10),135.0,104.0,0.0,2.0,701.0,52.0,9.0,1.0,6.0,0.0,14.5,0.0,13.6,19.7,0.0,1003.6(03),6.0,
Cordoba,2008-3,5402,5.1(19),6.0,56.0,0.0,0.0,8.0,1017.7(05),1.0,1017.4,1006.4,6.3,28.0(13),10.7,0.0,0.0,10.0,26/16.1(22),0.0,15.0,67.0,0.0,3.0,0.2(07),184.0,93.0,0.0,0.0,1514.0,6.5,3.0,1.0,8.0,0.0,15.5,0.0,14.1,21.9,0.0,988.4(22),2.0,57924.0
Cordoba,2008-4,5402,60.7(08),8.0,57.0,1.0,0.0,8.4,1016.1(01),7.0,1013.9,1003.1,9.5,32.2(25),14.4,6.0,0.0,9.0,22/22.2(10),4.0,13.0,63.0,0.0,10.0,4.1(12),268.0,109.0,3.0,1.0,1545.0,179.5,9.0,1.0,12.0,0.0,15.1,0.0,17.0,24.3,0.0,986.9(10),10.0,61895.0
Cordoba,2008-5,5402,23.4(08),13.0,58.0,0.0,0.0,7.5,1009.1(04),1.0,1012.2,1001.5,13.0,32.6(06),16.5,5.0,0.0,1.0,29/19.7(25),2.0,17.0,52.0,0.0,15.0,7.6(01),216.0,130.0,0.0,0.0,1457.0,56.9,16.0,3.0,11.0,0.0,19.3,0.0,19.1,25.2,0.0,994.9(25),10.0,66238.0
Cordoba,2008-6,5402,0.2(08),0.0,35.0,0.0,0.0,12.1,1008.6(20),1.0,1014.2,1003.7,16.3,41.1(27),22.3,24.0,0.0,17.0,99/16.1(08),0.0,13.0,82.0,0.0,1.0,11.6(03),188.0,118.0,0.0,0.0,2725.0,0.2,1.0,0.0,9.0,0.0,26.2,0.0,25.2,34.0,0.0,996.4(16),0.0,88713.0
Cordoba,2008-7,5402,1.0(16),1.0,30.0,0.0,0.0,12.2,1012.5(15),0.0,1013.9,1003.6,18.7,40.9(19),22.5,31.0,0.0,18.0,99/12.5(06),0.0,12.0,85.0,0.0,1.0,13.9(13),209.0,118.0,0.0,0.0,3432.0,1.0,1.0,0.0,10.0,0.0,32.3,0.0,27.6,36.5,0.0,998.3(18),1.0,89286.0
Cordoba,2008-8,5402,0.0(--),0.0,30.0,0.0,0.0,11.6,1008.6(15),0.0,1013.0,1002.6,19.3,41.7(04),22.8,31.0,0.0,21.0,22/12.5(29),0.0,10.0,86.0,0.0,0.0,14.6(16),205.0,116.0,0.0,0.0,3260.0,0.0,0.0,0.0,10.0,0.0,30.6,0.0,28.1,36.8,0.0,995.6(11),0.0,80446.0
Cordoba,2008-9,5402,20.4(21),6.0,51.0,0.0,0.0,7.5,1009.8(19),0.0,1014.6,1004.0,17.0,35.4(01),21.1,15.0,0.0,4.0,99/14.4(25),3.0,20.0,60.0,0.0,7.0,13.9(03),201.0,144.0,0.0,0.0,1720.0,60.2,9.0,3.0,10.0,0.0,20.4,0.0,23.5,30.0,0.0,997.2(08),7.0,52827.0
Cordoba,2008-10,5402,11.2(30),9.0,61.0,0.0,0.0,6.2,1013.9(25),2.0,1016.7,1005.9,13.0,29.0(20),19.0,0.0,0.0,8.0,06/16.4(10),1.0,14.0,55.0,0.0,13.0,3.3(30),196.0,133.0,0.0,0.0,1090.0,35.9,15.0,1.0,9.0,0.0,15.1,0.0,18.9,24.8,0.0,984.5(31),6.0,40564.0
Cordoba,2008-11,5402,14.1(28),3.0,68.0,0.0,2.0,6.5,1019.4(09),0.0,1018.5,1007.4,5.1,22.7(10),9.3,0.0,0.0,11.0,22/15.0(28),2.0,16.0,64.0,0.0,7.0,-1.8(28),150.0,92.0,0.0,1.0,615.0,38.8,7.0,1.0,6.0,1.0,11.6,0.0,11.5,17.9,0.0,989.9(01),5.0,32033.0
Cordoba,2008-12,5402,17.3(13),10.0,79.0,0.0,5.0,3.3,1021.1(21),0.0,1019.5,1008.3,3.7,19.9(22),11.9,0.0,0.0,9.0,29/12.5(14),1.0,12.0,34.0,0.0,13.0,-0.9(18),127.0,90.0,0.0,3.0,370.0,45.6,13.0,0.0,5.0,5.0,7.1,0.0,8.8,13.9,0.0,991.2(14),7.0,21896.0
Cordoba,2008-13,5402,60.7(08/abr),73.0,56.0,1.0,13.0,7.9,1024.7(27/ene),13.0,1016.8,1006.0,11.2,41.7(04/ago),22.8,112.0,0.0,125.0,22/22.2(10/abr),17.0,168.0,63.0,0.0,87.0,-1.8(28/nov),182.0,112.0,4.0,10.0,18899.0,546.6,94.0,11.0,8.0,6.0,7.1,0.0,18.2,25.2,0.0,984.5(31/oct),60.0,
Cordoba,2009-1,5402,13.8(01),13.0,78.0,0.0,6.0,4.0,1019.3(12),2.0,1018.6,1007.4,4.3,19.0(23),13.7,0.0,0.0,5.0,22/20.0(30),2.0,13.0,40.0,0.0,14.0,-2.9(10),184.0,92.0,0.0,5.0,431.0,64.1,17.0,0.0,8.0,6.0,7.2,0.0,9.1,13.8,1.0,994.2(25),12.0,21687.0
Cordoba,2009-2,5402,31.0(01),8.0,68.0,0.0,1.0,6.5,1018.7(22),3.0,1015.9,1004.8,4.9,22.2(23),10.6,0.0,0.0,11.0,26/19.7(04),3.0,9.0,60.0,0.0,9.0,1.8(11),164.0,90.0,1.0,0.0,627.0,83.1,9.0,0.0,7.0,0.0,10.4,0.0,11.2,17.6,0.0,975.9(01),5.0,34510.0
Cordoba,2009-3,5402,22.2(29),9.0,62.0,0.0,1.0,6.3,1013.2(10),1.0,1015.6,1004.6,7.8,29.0(26),11.2,0.0,0.0,10.0,28/18.6(05),3.0,12.0,52.0,0.0,11.0,2.8(31),169.0,103.0,0.0,0.0,1035.0,70.7,11.0,1.0,8.0,0.0,11.3,0.0,14.7,21.6,0.0,987.6(28),6.0,46643.0
Cordoba,2009-4,5402,13.9(18),7.0,54.0,0.0,1.0,8.9,1013.6(20),1.0,1015.7,1004.9,8.4,29.7(24),11.4,0.0,0.0,4.0,30/16.9(10),1.0,19.0,68.0,0.0,7.0,3.5(13),211.0,97.0,0.0,1.0,1520.0,25.6,7.0,0.0,10.0,0.0,17.9,0.0,15.6,22.6,0.0,996.5(14),4.0,65057.0
Cordoba,2009-5,5402,4.3(22),4.0,40.0,0.0,2.0,10.9,1013.1(02),0.0,1015.7,1005.0,12.0,36.3(30),17.4,16.0,0.0,14.0,23/15.0(22),0.0,13.0,77.0,0.0,3.0,7.9(02),204.0,106.0,0.0,0.0,2326.0,4.8,3.0,2.0,11.0,0.0,24.1,0.0,21.0,29.9,0.0,997.7(30),1.0,80665.0
Cordoba,2009-6,5402,1.2(06),3.0,39.0,0.0,0.0,10.0,1010.2(10),2.0,1014.5,1004.1,17.9,41.6(13),24.4,22.0,0.0,9.0,23/18.9(15),0.0,18.0,68.0,0.0,2.0,12.4(07),245.0,129.0,0.0,0.0,2980.0,2.0,2.0,0.0,12.0,0.0,23.8,0.0,26.1,34.2,0.0,998.3(06),1.0,76737.0
Cordoba,2009-7,5402,0.0(--),0.0,27.0,0.0,0.0,12.2,1010.7(17),0.0,1015.1,1004.7,19.0,41.4(21),23.2,31.0,0.0,21.0,99/11.7(13),0.0,10.0,84.0,0.0,0.0,15.5(15),226.0,105.0,0.0,0.0,4208.0,0.0,0.0,0.0,11.0,0.0,33.6,0.0,28.4,37.8,0.0,998.7(13),0.0,86890.0
Cordoba,2009-8,5402,0.0(--),1.0,29.0,0.0,0.0,11.8,1008.5(20),1.0,1013.5,1003.1,20.3,41.5(22),23.8,31.0,0.0,21.0,04/16.4(13),0.0,9.0,87.0,0.0,0.0,16.0(03),193.0,117.0,0.0,0.0,3797.0,0.0,0.0,0.0,8.0,0.0,32.7,0.0,29.2,38.0,0.0,997.4(24),0.0,78691.0
Cordoba,2009-9,5402,16.0(17),3.0,47.0,0.0,0.0,7.7,1012.9(19),2.0,1015.6,1005.0,17.5,38.5(04),22.1,15.0,0.0,9.0,22/16.4(17),1.0,18.0,61.0,0.0,5.0,13.5(22),185.0,137.0,0.0,0.0,2220.0,27.2,5.0,2.0,8.0,0.0,24.3,0.0,24.3,31.0,0.0,995.5(16),2.0,53878.0
Cordoba,2009-10,5402,20.2(20),4.0,52.0,0.0,1.0,8.8,1015.0(31),1.0,1016.3,1005.6,14.2,34.4(05),19.4,13.0,0.0,11.0,23/21.1(22),3.0,16.0,79.0,0.0,3.0,9.2(23),132.0,128.0,0.0,0.0,1488.0,44.8,3.0,0.0,5.0,0.0,19.2,0.0,21.7,29.1,0.0,990.7(20),3.0,46930.0
Cordoba,2009-11,5402,29.0(29),5.0,60.0,0.0,0.0,6.6,1021.8(23),0.0,1020.0,1009.0,8.3,29.7(01),12.6,0.0,0.0,6.0,25/13.9(07),1.0,19.0,65.0,0.0,4.0,3.5(23),146.0,101.0,0.0,0.0,1162.0,33.2,4.0,0.0,6.0,0.0,14.3,0.0,15.1,22.0,0.0,995.4(29),2.0,29721.0
Cordoba,2009-12,5402,77.0(21),9.0,80.0,0.0,8.0,3.4,1017.4(09),5.0,1013.2,1002.1,6.0,20.0(29),15.2,0.0,0.0,1.0,25/22.8(30),9.0,21.0,35.0,0.0,18.0,-2.3(15),246.0,106.0,2.0,2.0,473.0,303.0,18.0,3.0,11.0,2.0,7.5,0.0,10.6,15.1,3.0,979.4(24),14.0,18482.0
Cordoba,2009-13,5402,77.0(21/dic),66.0,53.0,0.0,20.0,8.1,1021.8(23/nov),18.0,1015.8,1005.0,11.7,41.6(13/jun),24.4,128.0,0.0,122.0,25/22.8(30/dic),23.0,177.0,65.0,0.0,76.0,-2.9(10/ene),192.0,109.0,3.0,8.0,22267.0,658.5,79.0,8.0,9.0,8.0,7.2,0.0,18.9,26.1,4.0,975.9(01/feb),50.0,639891.0
Cordoba,2010-1,5402,35.7(04),17.0,77.0,0.0,3.0,3.7,1015.9(16),2.0,1016.5,1005.3,6.0,17.7(19),12.4,0.0,0.0,3.0,22/18.9(12),7.0,11.0,37.0,0.0,14.0,-0.8(10),195.0,98.0,1.0,2.0,527.0,145.4,16.0,0.0,9.0,1.0,3.8,1.0,10.0,14.0,0.0,984.4(07),12.0,21547.0
Cordoba,2010-2,5402,33.9(15),11.0,78.0,0.0,1.0,4.0,1016.1(05),5.0,1009.4,998.3,7.1,23.2(27),12.5,0.0,0.0,3.0,23/20.6(27),7.0,14.0,37.0,0.0,19.0,0.1(14),283.0,106.0,2.0,1.0,601.0,206.6,20.0,3.0,12.0,0.0,7.2,0.0,11.3,15.5,0.0,978.0(16),18.0,24846.0
Cordoba,2010-3,5402,21.4(03),15.0,67.0,0.0,0.0,5.8,1016.6(27),2.0,1017.5,1006.5,7.9,24.0(23),13.7,0.0,0.0,2.0,22/16.1(25),5.0,14.0,49.0,0.0,12.0,1.8(10),194.0,103.0,0.0,0.0,905.0,104.0,12.0,0.0,8.0,0.0,13.0,0.0,13.4,18.7,0.0,992.0(08),9.0,45366.0
Cordoba,2010-4,5402,22.4(18),9.0,57.0,0.0,0.0,7.6,1013.6(04),0.0,1015.1,1004.3,11.1,32.0(27),16.2,3.0,0.0,6.0,30/14.4(03),1.0,15.0,58.0,0.0,8.0,4.3(02),165.0,115.0,0.0,0.0,1368.0,46.2,10.0,1.0,8.0,0.0,17.9,0.0,17.7,24.4,0.0,993.1(14),5.0,60575.0
Cordoba,2010-5,5402,13.3(10),2.0,43.0,0.0,0.0,11.2,1014.2(18),1.0,1014.5,1003.8,12.1,37.1(31),16.0,11.0,0.0,14.0,22/23.6(10),2.0,15.0,79.0,0.0,6.0,5.7(05),230.0,101.0,0.0,0.0,2509.0,39.0,7.0,1.0,12.0,0.0,20.2,0.0,19.6,27.1,0.0,995.7(09),6.0,81156.0
Cordoba,2010-6,5402,20.7(09),6.0,46.0,0.0,0.0,10.1,1007.7(29),1.0,1013.3,1002.7,16.6,38.3(01),20.4,17.0,0.0,8.0,22/15.3(09),1.0,16.0,69.0,0.0,6.0,13.3(11),247.0,135.0,0.0,0.0,2709.0,32.2,7.0,1.0,12.0,0.0,19.1,0.0,23.9,31.1,0.0,991.2(09),5.0,77775.0
Cordoba,2010-7,5402,0.0(--),0.0,31.0,0.0,0.0,12.3,1009.2(24),0.0,1013.5,1003.2,20.6,41.0(05),23.5,30.0,0.0,25.0,23/11.4(07),0.0,6.0,85.0,0.0,0.0,17.3(16),212.0,131.0,0.0,0.0,3861.0,0.0,1.0,1.0,9.0,0.0,34.3,0.0,29.3,38.0,0.0,997.2(21),0.0,84139.0
Cordoba,2010-8,5402,27.8(16),2.0,35.0,0.0,0.0,10.9,1011.4(21),0.0,1013.4,1003.0,21.2,41.9(26),25.8,30.0,0.0,22.0,24/12.8(16),1.0,7.0,81.0,0.0,2.0,18.1(18),182.0,140.0,0.0,0.0,3397.0,30.9,4.0,1.0,8.0,0.0,29.1,0.0,29.4,37.6,0.0,996.3(05),2.0,74959.0
Cordoba,2010-9,5402,18.7(17),3.0,43.0,0.0,0.0,9.1,1012.6(14),0.0,1014.5,1003.9,17.8,38.4(14),23.0,19.0,0.0,11.0,30/13.9(17),1.0,16.0,73.0,0.0,4.0,12.7(30),171.0,131.0,0.0,0.0,2347.0,22.0,5.0,1.0,7.0,0.0,24.8,0.0,24.7,31.6,0.0,995.6(01),2.0,57902.0
Cordoba,2010-10,5402,54.8(30),6.0,58.0,0.0,0.0,7.0,1016.5(27),3.0,1013.9,1003.0,11.7,29.4(08),16.0,0.0,0.0,8.0,23/18.9(03),2.0,17.0,63.0,0.0,7.0,5.8(27),169.0,116.0,2.0,0.0,1283.0,120.2,8.0,2.0,7.0,0.0,16.3,0.0,17.9,24.0,0.0,988.7(11),5.0,41901.0
Cordoba,2010-11,5402,28.7(27),11.0,77.0,0.0,2.0,5.0,1017.5(04),1.0,1014.7,1003.7,7.6,24.7(04),11.1,0.0,0.0,9.0,99/16.4(09),3.0,10.0,48.0,0.0,12.0,3.8(16),154.0,107.0,0.0,2.0,480.0,83.6,13.0,0.0,7.0,0.0,8.3,0.0,11.9,16.3,0.0,985.9(27),10.0,25154.0
Cordoba,2010-12,5402,64.6(07),16.0,76.0,0.0,2.0,3.7,1015.7(15),,1013.7,1002.6,7.6,22.0(09),14.7,0.0,0.0,5.0,,9.0,10.0,38.0,,16.0,-0.1(17),,102.0,6.0,2.0,553.0,349.3,16.0,5.0,11.0,1.0,8.6,0.0,11.0,14.3,0.0,981.4(22),12.0,
Cordoba,2010-13,5402,64.6(07/dic),98.0,57.0,0.0,8.0,7.5,1017.5(04/nov),,1014.2,1003.4,12.3,41.9(26/ago),25.8,110.0,0.0,116.0,,39.0,151.0,60.0,,106.0,-0.8(10/ene),,115.0,11.0,7.0,20540.0,1179.4,119.0,16.0,9.0,2.0,3.8,1.0,18.3,24.4,0.0,978.0(16/feb),86.0,
Cordoba,2011-1,5402,14.7(08),12.0,77.0,0.0,6.0,4.1,1020.1(17),0.0,1019.5,1008.3,6.1,18.7(15),10.7,0.0,0.0,5.0,27/15.0(08),1.0,14.0,42.0,0.0,10.0,0.7(31),155.0,97.0,0.0,3.0,403.0,37.4,13.0,3.0,7.0,0.0,8.5,0.0,10.1,14.1,0.0,987.7(27),7.0,
Cordoba,2011-2,5402,21.3(15),3.0,69.0,0.0,1.0,7.5,1025.0(04),1.0,1022.3,1011.2,4.7,24.0(25),10.8,0.0,0.0,10.0,23/16.9(16),3.0,15.0,69.0,0.0,5.0,0.0(03),157.0,90.0,0.0,1.0,581.0,73.9,5.0,1.0,7.0,1.0,10.6,0.0,10.9,16.9,0.0,989.8(16),5.0,
Cordoba,2011-3,5402,17.5(14),8.0,62.0,0.0,0.0,6.2,1016.3(31),0.0,1017.3,1006.2,8.5,26.8(31),12.7,0.0,0.0,6.0,25/12.5(13),1.0,17.0,51.0,0.0,11.0,1.2(03),181.0,96.0,0.0,0.0,1011.0,42.9,12.0,1.0,8.0,0.0,12.5,0.0,13.8,19.0,0.0,987.7(14),8.0,
Cordoba,2011-4,5402,21.4(29),8.0,55.0,0.0,1.0,7.3,1013.5(01),,1013.8,1003.1,12.1,31.7(07),16.4,4.0,0.0,11.0,,4.0,11.0,56.0,,9.0,10.0(24),,118.0,0.0,0.0,1480.0,77.3,10.0,5.0,9.0,0.0,16.9,0.0,18.8,25.4,0.0,990.3(30),8.0,
Cordoba,2011-5,5402,29.5(02),3.0,50.0,0.0,1.0,9.2,1011.6(24),0.0,1015.5,1004.9,15.5,33.8(24),18.5,12.0,0.0,9.0,32/14.4(03),2.0,19.0,65.0,0.0,8.0,11.1(08),183.0,131.0,0.0,0.0,1876.0,49.3,9.0,4.0,9.0,0.0,20.1,0.0,21.9,28.2,0.0,987.5(02),5.0,
Cordoba,2011-6,5402,12.2(06),0.0,36.0,1.0,0.0,12.1,1009.3(25),1.0,1014.8,1004.3,17.5,38.9(26),22.0,23.0,0.0,21.0,26/20.0(06),1.0,9.0,82.0,0.0,2.0,13.1(08),162.0,118.0,0.0,0.0,3100.0,12.3,1.0,2.0,8.0,0.0,23.0,0.0,25.4,33.3,0.0,993.5(05),1.0,
Cordoba,2011-7,5402,0.0(--),0.0,34.0,0.0,0.0,12.0,1007.8(15),0.0,1012.4,1002.0,19.8,39.3(27),23.0,30.0,0.0,25.0,21/13.9(03),0.0,6.0,83.0,0.0,0.0,16.4(04),243.0,126.0,0.0,0.0,4028.0,0.0,0.0,0.0,12.0,0.0,29.1,0.0,27.5,35.2,0.0,994.3(21),0.0,
Cordoba,2011-8,5402,1.9(19),2.0,37.0,0.0,0.0,11.1,1007.8(03),1.0,1012.9,1002.5,20.6,41.6(20),25.9,30.0,0.0,21.0,26/17.5(01),0.0,8.0,81.0,0.0,1.0,15.3(27),232.0,139.0,0.0,0.0,3618.0,1.9,1.0,0.0,11.0,0.0,28.5,0.0,28.2,35.7,0.0,993.2(01),1.0,
Cordoba,2011-9,5402,4.3(01),2.0,41.0,0.0,0.0,9.1,1013.0(27),0.0,1016.0,1005.4,17.4,38.1(09),20.0,24.0,0.0,17.0,99/10.8(01),0.0,11.0,73.0,0.0,2.0,12.2(25),172.0,126.0,0.0,0.0,2482.0,5.5,2.0,1.0,7.0,0.0,23.4,0.0,24.8,32.2,0.0,998.1(09),2.0,
Cordoba,2011-10,5402,15.1(26),1.0,46.0,0.0,0.0,9.0,1014.7(10),1.0,1017.7,1007.0,13.4,35.3(13),16.9,13.0,0.0,19.0,20/16.1(24),2.0,11.0,80.0,0.0,4.0,10.0(25),150.0,107.0,0.0,0.0,1817.0,41.6,4.0,0.0,6.0,0.0,19.1,0.0,20.9,28.4,0.0,989.6(24),4.0,
Cordoba,2011-11,5402,29.8(03),7.0,73.0,0.0,2.0,5.6,1019.4(26),1.0,1017.3,1006.3,9.1,24.6(12),14.8,0.0,0.0,7.0,24/15.3(04),3.0,16.0,56.0,0.0,8.0,3.2(28),144.0,114.0,0.0,0.0,582.0,82.6,8.0,2.0,7.0,0.0,14.9,0.0,14.0,18.8,0.0,986.6(04),7.0,
Cordoba,2011-12,5402,4.9(10),6.0,72.0,0.0,2.0,6.2,1024.9(30),0.0,1027.9,1016.6,3.7,21.8(22),10.1,0.0,0.0,15.0,32/11.4(02),0.0,10.0,64.0,0.0,6.0,-0.5(31),102.0,89.0,0.0,2.0,458.0,8.1,7.0,0.0,5.0,3.0,12.3,0.0,10.0,16.2,0.0,1007.6(11),2.0,
Cordoba,2011-13,5402,29.8(03/nov),52.0,54.0,1.0,13.0,8.3,1025.0(04/feb),,1017.3,1006.5,12.4,41.6(20/ago),25.9,136.0,0.0,166.0,,17.0,147.0,67.0,,66.0,-0.5(31/dic),,113.0,0.0,6.0,21436.0,432.8,72.0,19.0,8.0,4.0,8.5,0.0,18.9,25.3,0.0,986.6(04/nov),50.0,
Cordoba,2012-1,5402,7.5(15),1.0,69.0,0.0,7.0,7.3,1028.3(19),0.0,1026.5,1015.2,1.6,20.6(05),4.6,0.0,0.0,17.0,04/9.2(04),0.0,13.0,74.0,0.0,3.0,-2.0(30),92.0,78.0,0.0,2.0,569.0,11.5,3.0,0.0,4.0,5.0,8.3,0.0,9.0,16.4,1.0,999.4(16),2.0,
Cordoba,2012-2,5402,0.9(02),0.0,43.0,0.0,0.0,9.7,1025.1(05),0.0,1024.4,1013.1,-0.9,24.4(27),6.0,0.0,0.0,20.0,02/14.4(04),0.0,9.0,90.0,0.0,2.0,-4.8(05),148.0,46.0,0.0,0.0,1238.0,1.0,2.0,0.0,7.0,20.0,10.6,0.0,8.1,17.1,0.0,999.5(02),0.0,
Cordoba,2012-3,5402,2.1(16),4.0,47.0,0.0,0.0,8.5,1021.9(03),0.0,1023.2,1012.1,5.9,29.5(14),12.2,0.0,0.0,10.0,08/13.9(20),0.0,17.0,71.0,0.0,3.0,0.1(08),159.0,73.0,0.0,0.0,1554.0,3.4,6.0,0.0,8.0,0.0,15.9,0.0,14.2,22.6,0.0,999.1(31),2.0,
Cordoba,2012-4,5402,11.0(29),12.0,52.0,0.0,0.0,7.6,1011.4(17),3.0,1012.3,1001.4,9.6,29.2(09),14.4,0.0,0.0,6.0,22/17.5(28),1.0,12.0,57.0,0.0,13.0,3.6(17),301.0,93.0,0.0,0.0,1852.0,34.8,13.0,2.0,14.0,0.0,13.9,0.0,15.6,21.5,0.0,992.6(12),7.0,
Cordoba,2012-5,5402,41.0(05),5.0,42.0,0.0,0.0,10.0,1013.4(12),2.0,1015.2,1004.6,14.1,38.6(31),18.6,19.0,0.0,8.0,22/18.6(04),2.0,18.0,70.0,0.0,6.0,7.5(02),201.0,110.0,1.0,0.0,2604.0,69.5,8.0,2.0,11.0,0.0,16.0,0.0,22.2,30.3,0.0,996.5(17),6.0,78074.0
Cordoba,2012-6,5402,0.0(--),1.0,31.0,0.0,0.0,11.4,1009.6(16),0.0,1014.4,1004.0,18.4,44.1(26),24.3,29.0,0.0,17.0,24/11.7(07),0.0,12.0,77.0,0.0,0.0,13.9(09),240.0,115.0,0.0,0.0,3790.0,0.0,0.0,0.0,11.0,0.0,26.0,0.0,26.9,35.4,0.0,997.0(06),0.0,
Cordoba,2012-7,5402,0.0(--),0.0,28.0,0.0,0.0,12.4,1013.3(17),0.0,1013.9,1003.5,19.1,42.0(18),22.0,31.0,0.0,27.0,24/11.7(14),0.0,4.0,86.0,0.0,0.0,16.0(06),235.0,109.0,0.0,0.0,4224.0,0.0,0.0,1.0,12.0,0.0,30.3,0.0,28.2,37.3,0.0,997.7(04),0.0,
Cordoba,2012-8,5402,0.0(--),0.0,28.0,0.0,0.0,11.1,1009.9(31),0.0,1014.4,1004.0,20.4,45.5(11),25.2,31.0,0.0,19.0,23/11.7(05),0.0,12.0,82.0,0.0,0.0,15.0(14),214.0,115.0,0.0,0.0,4304.0,0.0,0.0,0.0,10.0,0.0,32.6,0.0,29.5,38.5,0.0,997.3(04),0.0,
Cordoba,2012-9,5402,55.1(27),4.0,43.0,0.0,0.0,8.0,1010.1(24),0.0,1014.3,1003.8,17.4,38.2(12),21.4,22.0,0.0,13.0,25/14.4(23),2.0,13.0,64.0,0.0,5.0,14.0(25),183.0,124.0,2.0,0.0,2410.0,104.4,5.0,0.0,8.0,0.0,18.7,0.0,24.8,32.1,0.0,996.1(26),5.0,
Cordoba,2012-10,5402,36.8(25),7.0,61.0,0.0,1.0,6.9,1012.0(07),0.0,1013.5,1002.7,13.7,34.4(09),19.3,5.0,0.0,7.0,25/11.7(11),2.0,17.0,61.0,0.0,11.0,7.5(29),161.0,133.0,1.0,0.0,1090.0,70.8,11.0,1.0,6.0,0.0,14.5,0.0,19.4,25.1,0.0,988.4(30),6.0,
Cordoba,2012-11,5402,59.5(08),12.0,78.0,0.0,1.0,4.4,1011.7(23),2.0,1015.3,1004.3,10.0,23.0(15),15.1,0.0,0.0,4.0,22/17.5(04),5.0,14.0,43.0,0.0,17.0,1.7(29),172.0,130.0,2.0,1.0,491.0,188.5,18.0,2.0,7.0,0.0,13.9,0.0,14.5,18.8,0.0,994.1(18),14.0,
Cordoba,2012-12,5402,6.7(06),7.0,,0.0,5.0,5.0,,,,,,,,,0.0,7.0,,0.0,17.0,52.0,,8.0,,,,0.0,3.0,322.0,26.9,10.0,0.0,7.0,,,0.0,,,0.0,,6.0,
Cordoba,2012-13,5402,59.5(08/nov),53.0,,0.0,14.0,8.5,,,,,,,,,0.0,155.0,,12.0,158.0,69.0,,68.0,,,,6.0,6.0,24448.0,510.8,76.0,8.0,9.0,,,0.0,,,1.0,,48.0,
Cordoba,2013-1,5402,12.4(18),8.0,80.0,0.0,7.0,5.2,1027.7(04),1.0,1023.5,1012.3,4.8,21.7(31),13.2,0.0,0.0,4.0,23/22.8(19),2.0,19.0,53.0,0.0,11.0,0.1(06),203.0,99.0,0.0,4.0,469.0,48.3,12.0,0.0,9.0,0.0,11.6,0.0,9.9,15.0,0.0,977.8(19),9.0,28231.0
Cordoba,2013-2,5402,44.8(21),5.0,70.0,0.0,0.0,7.3,1021.3(04),2.0,1019.5,1008.3,4.0,22.0(15),10.7,0.0,0.0,11.0,23/18.1(22),2.0,12.0,68.0,0.0,9.0,-0.8(10),183.0,88.0,1.0,0.0,681.0,94.0,9.0,0.0,8.0,2.0,8.2,1.0,9.9,15.8,0.0,992.7(23),8.0,37692.0
Cordoba,2013-3,5402,38.8(19),19.0,79.0,0.0,0.0,4.3,1010.1(20),7.0,1010.1,999.2,8.9,22.6(21),14.0,0.0,0.0,2.0,99/18.6(07),10.0,10.0,36.0,0.0,21.0,0.6(14),286.0,122.0,3.0,0.0,742.0,273.1,22.0,2.0,12.0,0.0,11.7,0.0,13.2,17.4,0.0,983.5(04),18.0,39524.0
Cordoba,2013-4,5402,22.9(03),6.0,63.0,0.0,0.0,8.2,1011.5(15),0.0,1014.8,1003.9,10.4,33.1(17),15.9,4.0,0.0,5.0,28/14.4(05),1.0,19.0,62.0,0.0,9.0,5.0(06),178.0,126.0,0.0,0.0,1313.0,37.0,10.0,2.0,8.0,0.0,13.5,0.0,16.9,23.3,0.0,991.4(03),6.0,62806.0
Cordoba,2013-5,5402,5.7(17),2.0,50.0,0.0,0.0,9.9,1010.9(06),2.0,1015.1,1004.3,11.2,32.3(12),15.9,10.0,0.0,7.0,27/18.6(18),0.0,22.0,70.0,0.0,7.0,6.3(01),206.0,116.0,0.0,0.0,2047.0,14.2,9.0,2.0,10.0,0.0,19.4,0.0,19.1,27.0,0.0,992.2(17),4.0,76089.0
Cordoba,2013-6,5402,0.9(18),3.0,37.0,0.0,0.0,11.4,1011.1(11),0.0,1015.9,1005.4,15.0,38.6(30),18.8,22.0,0.0,20.0,99/14.4(07),0.0,7.0,77.0,0.0,2.0,10.0(08),182.0,119.0,0.0,0.0,2738.0,1.2,2.0,0.0,9.0,0.0,22.0,0.0,24.0,33.0,0.0,997.9(04),0.0,79948.0
Cordoba,2013-7,5402,0.0(--),0.0,35.0,0.0,0.0,12.1,1012.4(29),0.0,1014.9,1004.6,18.8,41.6(04),21.1,30.0,0.0,21.0,26/11.4(27),0.0,10.0,83.0,0.0,0.0,15.0(29),201.0,138.0,0.0,0.0,3372.0,0.0,2.0,0.0,10.0,0.0,29.3,0.0,28.0,37.2,0.0,997.3(10),0.0,86599.0
Cordoba,2013-8,5402,18.9(28),1.0,34.0,0.0,0.0,11.3,1010.5(09),0.0,1014.0,1003.6,19.2,42.4(19),21.8,30.0,0.0,22.0,26/12.5(29),1.0,8.0,83.0,0.0,1.0,15.8(04),180.0,132.0,0.0,0.0,3522.0,18.9,2.0,1.0,8.0,0.0,28.5,0.0,28.5,37.7,0.0,996.6(25),1.0,
Cordoba,2013-9,5402,8.0(29),4.0,50.0,0.0,0.0,8.4,1012.0(09),0.0,1015.6,1005.1,17.8,36.0(03),20.9,24.0,0.0,11.0,23/14.4(28),0.0,15.0,67.0,0.0,4.0,14.8(23),186.0,155.0,0.0,0.0,1988.0,20.9,4.0,0.0,8.0,0.0,25.0,0.0,25.1,32.5,0.0,999.0(28),4.0,54998.0
Cordoba,2013-10,5402,19.0(22),5.0,61.0,0.0,1.0,7.1,1014.5(31),1.0,1017.3,1006.5,13.5,31.4(16),19.9,10.0,0.0,9.0,23/15.3(24),1.0,17.0,63.0,0.0,5.0,6.1(31),121.0,146.0,0.0,0.0,1227.0,22.8,8.0,1.0,6.0,0.0,21.5,0.0,20.5,27.4,0.0,996.6(02),2.0,40996.0
Cordoba,2013-11,5402,6.7(17),3.0,63.0,0.0,1.0,7.2,1019.0(10),0.0,1020.2,1009.0,4.4,26.5(02),12.2,0.0,0.0,11.0,02/12.8(15),0.0,16.0,71.0,0.0,2.0,-2.0(30),155.0,87.0,0.0,0.0,886.0,8.4,3.0,0.0,7.0,5.0,9.9,0.0,11.8,19.2,0.0,999.3(18),2.0,31692.0
Cordoba,2013-12,5402,34.3(24),8.0,69.0,0.0,0.0,6.6,1023.0(22),2.0,1025.5,1014.2,2.4,20.5(14),10.3,0.0,0.0,17.0,21/25.3(24),3.0,6.0,68.0,1.0,8.0,-2.7(08),159.0,80.0,1.0,0.0,587.0,74.0,8.0,0.0,7.0,6.0,12.5,0.0,9.5,16.5,0.0,992.8(25),4.0,25380.0
Cordoba,2013-13,5402,44.8(21/feb),64.0,58.0,0.0,9.0,8.3,1027.7(04/ene),15.0,1017.2,1006.4,10.9,42.4(19/ago),21.8,130.0,0.0,140.0,21/25.3(24/dic),20.0,161.0,67.0,1.0,79.0,-2.7(08/dic),187.0,117.0,5.0,4.0,19572.0,612.8,91.0,8.0,9.0,13.0,8.2,1.0,18.0,25.2,0.0,977.8(19/ene),58.0,
Cordoba,2014-1,5402,23.1(18),14.0,80.0,0.0,1.0,4.3,1020.5(24),1.0,1018.4,1007.3,5.6,20.3(26),14.0,0.0,0.0,4.0,26/22.2(04),3.0,13.0,43.0,0.0,16.0,0.9(30),177.0,104.0,0.0,1.0,550.0,88.6,17.0,0.0,8.0,0.0,10.5,0.0,10.4,15.2,0.0,981.7(19),9.0,22282.0
Cordoba,2014-2,5402,22.6(09),17.0,78.0,0.0,5.0,4.3,1021.5(27),5.0,1019.7,1008.6,5.8,20.4(23),14.1,0.0,0.0,1.0,22/22.8(09),3.0,10.0,39.0,0.0,16.0,0.3(03),228.0,105.0,0.0,2.0,659.0,88.6,20.0,0.0,10.0,0.0,11.5,0.0,10.7,15.6,0.0,989.5(09),12.0,24952.0
Cordoba,2014-3,5402,15.1(29),6.0,63.0,0.0,0.0,7.6,1018.0(15),0.0,1018.8,1007.7,6.2,26.9(17),12.4,0.0,0.0,9.0,25/15.0(01),1.0,16.0,63.0,0.0,7.0,1.6(24),200.0,96.0,0.0,0.0,1250.0,25.8,7.0,0.0,9.0,0.0,12.1,0.0,13.5,20.8,0.0,991.3(29),5.0,51374.0
Cordoba,2014-4,5402,28.2(20),7.0,63.0,0.0,0.0,8.3,1014.6(25),2.0,1015.4,1004.6,10.7,32.3(17),15.0,6.0,0.0,7.0,29/16.1(20),1.0,16.0,63.0,0.0,8.0,6.3(04),177.0,133.0,0.0,0.0,1416.0,46.3,8.0,0.0,8.0,0.0,15.8,0.0,18.0,25.4,0.0,990.4(02),5.0,60417.0
Cordoba,2014-5,5402,7.4(20),1.0,40.0,0.0,0.0,11.7,1011.4(14),2.0,1014.5,1003.9,11.7,36.5(11),16.1,21.0,0.0,12.0,23/18.1(21),0.0,18.0,82.0,0.0,4.0,7.6(04),190.0,110.0,0.0,0.0,2529.0,7.7,5.0,0.0,8.0,0.0,22.4,0.0,21.2,30.6,0.0,995.4(19),1.0,84117.0
Cordoba,2014-6,5402,7.5(24),0.0,41.0,0.0,0.0,10.4,1009.5(02),0.0,1015.0,1004.5,15.9,41.2(14),18.7,27.0,0.0,10.0,99/14.4(06),0.0,20.0,71.0,0.0,3.0,12.5(30),219.0,128.0,0.0,0.0,2814.0,11.4,4.0,2.0,11.0,0.0,25.5,0.0,24.5,33.1,0.0,997.1(14),2.0,80451.0
Cordoba,2014-7,5402,0.2(03),1.0,37.0,0.0,1.0,11.7,1009.0(21),0.0,1014.0,1003.6,17.9,42.9(16),21.8,30.0,0.0,20.0,23/13.3(01),0.0,10.0,81.0,0.0,1.0,13.9(01),249.0,133.0,0.0,0.0,3813.0,0.2,1.0,1.0,12.0,0.0,29.4,0.0,27.0,36.1,0.0,997.4(24),0.0,86657.0
Cordoba,2014-8,5402,0.0(--),0.0,33.0,0.0,0.0,11.7,1008.5(24),0.0,1013.6,1003.2,18.0,41.5(27),22.2,30.0,0.0,23.0,25/11.7(01),0.0,8.0,86.0,0.0,0.0,13.9(14),196.0,121.0,0.0,0.0,3648.0,0.0,0.0,0.0,9.0,0.0,28.9,0.0,27.5,37.1,0.0,998.0(08),0.0,75715.0
Cordoba,2014-9,5402,56.1(16),6.0,57.0,0.0,0.0,7.4,1011.9(29),1.0,1014.7,1004.1,18.3,41.8(01),22.3,20.0,0.0,6.0,22/16.4(16),3.0,18.0,60.0,0.0,7.0,15.5(16),180.0,168.0,1.0,0.0,2098.0,91.5,11.0,2.0,8.0,0.0,25.2,0.0,24.8,31.2,0.0,996.9(16),5.0,53232.0
Cordoba,2014-10,5402,35.6(13),1.0,63.0,0.0,1.0,7.6,1015.0(22),2.0,1016.8,1006.1,13.9,34.1(20),18.7,9.0,0.0,8.0,23/18.9(11),2.0,22.0,68.0,0.0,6.0,9.5(31),133.0,149.0,1.0,0.0,1460.0,70.5,6.0,0.0,6.0,0.0,19.9,0.0,21.0,28.1,0.0,995.3(11),6.0,42334.0
Cordoba,2014-11,5402,35.0(03),9.0,79.0,1.0,1.0,4.9,1013.2(01),1.0,1011.7,1000.8,10.0,27.0(01),15.4,0.0,0.0,3.0,21/23.6(04),7.0,18.0,48.0,0.0,15.0,4.3(10),157.0,132.0,2.0,1.0,596.0,157.5,14.0,1.0,6.0,0.0,15.0,0.0,14.8,19.6,0.0,972.9(28),13.0,25755.0
Cordoba,2014-12,5402,12.7(13),4.0,81.0,0.0,7.0,6.2,1024.1(29),0.0,1025.0,1013.7,3.2,19.4(01),10.4,0.0,1.0,10.0,18/12.5(13),1.0,17.0,65.0,0.0,5.0,-2.9(31),114.0,94.0,0.0,4.0,436.0,13.9,6.0,0.0,6.0,3.0,10.6,0.0,9.2,15.2,0.0,993.5(01),1.0,25244.0
Cordoba,2014-13,5402,56.1(16/sep),66.0,60.0,1.0,16.0,8.0,1024.1(29/dic),14.0,1016.5,1005.7,11.4,42.9(16/jul),22.3,143.0,1.0,113.0,21/23.6(04/nov),21.0,186.0,64.0,0.0,88.0,-2.9(31/dic),185.0,123.0,4.0,8.0,21269.0,602.0,99.0,6.0,8.0,3.0,10.5,0.0,18.6,25.7,0.0,972.9(28/nov),59.0,632530.0
Cordoba,2015-1,5402,13.2(18),4.0,73.0,0.0,3.0,7.0,1032.7(09),2.0,1025.9,1014.6,0.7,21.1(30),11.7,0.0,0.0,15.0,25/18.9(31),1.0,12.0,71.0,0.0,7.0,-2.6(01),163.0,80.0,0.0,1.0,629.0,33.2,7.0,0.0,8.0,18.0,7.1,0.0,8.2,15.6,1.0,990.5(31),6.0,29670.0
Cordoba,2015-2,5402,5.9(14),4.0,68.0,0.0,3.0,6.6,1022.5(25),1.0,1020.5,1009.3,3.7,21.6(26),8.7,0.0,0.0,9.0,02/17.5(17),0.0,15.0,61.0,0.0,8.0,-2.2(06),211.0,86.0,0.0,2.0,1020.0,15.5,8.0,0.0,10.0,2.0,10.5,0.0,10.0,16.2,0.0,993.5(04),5.0,32624.0
Cordoba,2015-3,5402,24.4(23),7.0,63.0,0.0,3.0,7.9,1021.2(05),3.0,1019.7,1008.7,5.4,33.0(31),9.5,1.0,0.0,10.0,99/16.4(17),1.0,14.0,66.0,0.0,8.0,0.1(07),130.0,101.0,0.0,2.0,1287.0,38.6,8.0,2.0,6.0,0.0,15.4,0.0,13.9,22.5,0.0,990.9(24),5.0,52785.0
Cordoba,2015-4,5402,15.3(15),8.0,61.0,0.0,1.0,7.7,1013.8(01),0.0,1017.7,1006.8,10.6,32.2(01),13.5,2.0,0.0,2.0,27/15.0(15),2.0,20.0,59.0,0.0,8.0,7.7(19),153.0,128.0,0.0,1.0,1524.0,37.9,10.0,1.0,7.0,0.0,18.1,0.0,18.1,25.6,0.0,996.7(05),5.0,58051.0
Cordoba,2015-5,5402,0.1(18),2.0,37.0,0.0,0.0,10.9,1013.2(08),1.0,1016.0,1005.5,13.5,41.2(13),17.4,27.0,0.0,10.0,25/15.8(04),0.0,19.0,77.0,0.0,1.0,8.4(06),175.0,111.0,0.0,0.0,2943.0,0.1,1.0,0.0,8.0,0.0,25.4,0.0,23.2,32.9,0.0,997.1(03),0.0,80672.0
Cordoba,2015-6,5402,6.6(14),1.0,35.0,0.0,0.0,11.6,1011.3(16),1.0,1015.6,1005.2,16.8,43.7(28),21.6,25.0,0.0,16.0,23/16.4(13),0.0,13.0,79.0,0.0,3.0,12.6(14),216.0,125.0,0.0,0.0,3400.0,9.6,3.0,0.0,11.0,0.0,26.2,0.0,26.1,35.3,0.0,999.0(10),2.0,83249.0
Cordoba,2015-7,5402,0.0(--),0.0,28.0,0.0,0.0,12.5,1009.1(11),0.0,1013.5,1003.3,20.7,45.2(06),25.4,31.0,0.0,28.0,99/15.0(17),0.0,3.0,87.0,0.0,0.0,18.6(01),221.0,131.0,0.0,0.0,4880.0,0.0,0.0,0.0,11.0,0.0,35.3,0.0,30.5,40.3,0.0,995.7(31),0.0,90209.0
Cordoba,2015-8,5402,2.1(07),3.0,40.0,0.0,0.0,9.7,1010.3(13),1.0,1014.0,1003.6,20.5,40.8(10),27.2,31.0,0.0,13.0,21/16.9(08),0.0,15.0,72.0,0.0,3.0,15.4(25),229.0,157.0,0.0,0.0,3440.0,2.9,3.0,0.0,10.0,0.0,30.1,0.0,28.4,36.3,0.0,998.1(01),1.0,71549.0
Cordoba,2015-9,5402,6.7(16),2.0,47.0,0.0,0.0,7.9,1011.7(20),2.0,1015.4,1004.9,16.1,35.2(27),20.2,19.0,0.0,8.0,25/18.1(16),0.0,20.0,64.0,0.0,4.0,11.2(23),205.0,136.0,0.0,0.0,2541.0,7.4,4.0,0.0,9.0,0.0,25.9,0.0,23.7,31.1,0.0,997.2(16),1.0,56363.0
Cordoba,2015-10,5402,34.7(05),12.0,69.0,0.0,0.0,5.9,1012.1(01),,1015.4,1004.7,14.4,32.8(01),19.2,3.0,0.0,6.0,,3.0,13.0,53.0,,11.0,10.2(30),,158.0,1.0,0.0,1169.0,80.7,13.0,1.0,6.0,0.0,21.5,0.0,20.2,25.9,0.0,997.3(19),9.0,36128.0
Cordoba,2015-11,5402,39.4(01),1.0,71.0,0.0,0.0,8.3,1024.6(30),0.0,1024.6,1013.6,7.2,27.6(07),14.4,0.0,0.0,21.0,99/13.9(01),2.0,8.0,82.0,0.0,3.0,-0.8(24),111.0,117.0,1.0,0.0,799.0,55.3,3.0,0.0,5.0,1.0,15.8,0.0,15.0,22.8,0.0,998.9(01),2.0,34147.0
Cordoba,2015-12,5402,11.3(28),3.0,72.0,0.0,0.0,5.7,1023.5(04),0.0,1029.3,1018.1,4.9,23.5(05),11.4,0.0,0.0,7.0,99/8.3(03),1.0,21.0,59.0,0.0,3.0,1.4(25),109.0,98.0,0.0,0.0,661.0,19.2,4.0,0.0,5.0,0.0,14.2,0.0,12.3,19.7,0.0,1010.9(14),2.0,24113.0
Cordoba,2015-13,5402,39.4(01/nov),47.0,55.0,0.0,10.0,8.5,1032.7(09/ene),,1019.0,1008.2,11.2,45.2(06/jul),27.2,139.0,0.0,145.0,,10.0,173.0,69.0,,59.0,-2.6(01/ene),,119.0,2.0,6.0,24293.0,300.4,64.0,4.0,8.0,21.0,7.1,0.0,19.1,27.0,1.0,990.5(31/ene),38.0,649560.0
Cordoba,2016-1,5402,11.2(08),15.0,83.0,0.0,5.0,4.0,1026.2(31),4.0,1024.5,1013.4,6.8,22.3(23),14.9,0.0,0.0,1.0,31/18.1(05),2.0,15.0,40.0,0.0,15.0,1.1(17),187.0,116.0,0.0,3.0,458.0,53.1,18.0,0.0,8.0,0.0,12.5,0.0,11.7,16.6,0.0,996.0(05),11.0,22748.0
Cordoba,2016-2,5402,12.9(26),10.0,74.0,0.0,2.0,4.8,1023.6(04),4.0,1021.8,1010.7,5.7,23.1(01),14.5,0.0,0.0,5.0,30/23.3(14),1.0,14.0,44.0,0.0,12.0,-2.0(17),265.0,104.0,0.0,0.0,975.0,38.3,12.0,0.0,11.0,1.0,12.4,0.0,11.5,17.2,0.0,992.1(27),9.0,28672.0
Cordoba,2016-3,5402,20.1(20),4.0,66.0,1.0,2.0,8.4,1019.3(01),1.0,1017.8,1006.7,4.5,26.0(29),9.8,0.0,0.0,9.0,32/16.1(07),1.0,18.0,70.0,0.0,9.0,-0.1(09),165.0,97.0,0.0,2.0,1205.0,36.4,9.0,1.0,8.0,2.0,16.0,0.0,12.2,19.9,0.0,996.9(07),6.0,52117.0
Cordoba,2016-4,5402,36.9(04),13.0,66.0,1.0,1.0,8.2,1012.7(21),2.0,1014.2,1003.3,9.5,28.9(30),14.4,0.0,0.0,5.0,22/16.9(04),5.0,12.0,62.0,0.0,11.0,1.4(01),193.0,126.0,1.0,0.0,1482.0,122.7,10.0,1.0,10.0,0.0,15.3,0.0,16.3,23.0,0.0,992.5(04),8.0,57978.0
Cordoba,2016-5,5402,30.8(08),10.0,55.0,0.0,3.0,8.7,1012.9(01),0.0,1014.6,1003.9,12.1,33.7(20),16.4,9.0,0.0,7.0,21/15.0(08),6.0,14.0,61.0,0.0,10.0,6.3(03),198.0,126.0,1.0,2.0,1939.0,106.1,10.0,3.0,9.0,0.0,18.0,0.0,19.3,26.5,0.0,989.4(08),10.0,67667.0
Cordoba,2016-6,5402,0.0(--),,33.0,0.0,0.0,12.9,1014.1(19),,1014.8,1004.3,16.2,40.0(09),21.5,26.0,0.0,,,0.0,,88.0,,0.0,12.3(02),,122.0,0.0,0.0,3558.0,0.0,0.0,0.0,10.0,0.0,26.7,0.0,25.7,35.2,0.0,996.2(15),0.0,86519.0
Cordoba,2016-7,5402,0.0(--),,,0.0,0.0,12.4,,,,,,,,,0.0,,,0.0,,86.0,,0.0,,,,0.0,0.0,4285.0,0.0,0.0,0.0,,,,0.0,,,0.0,,0.0,82570.0
Cordoba,2016-8,5402,0.0(--),,,0.0,0.0,12.6,,,,,,,,,0.0,,,0.0,,93.0,,0.0,,,,0.0,0.0,3831.0,0.0,0.0,0.0,,,,0.0,,,0.0,,0.0,76414.0
Cordoba,2016-9,5402,3.0(13),,39.0,0.0,0.0,9.4,1013.6(28),0.0,1016.9,1006.4,17.1,45.4(06),22.6,26.0,0.0,,99/13.9(29),0.0,,76.0,0.0,1.0,10.3(15),189.0,127.0,0.0,0.0,3155.0,3.0,1.0,0.0,8.0,0.0,25.8,0.0,26.0,34.8,0.0,999.6(12),1.0,59883.0
Cordoba,2016-10,5402,34.4(23),,62.0,0.0,0.0,7.2,1017.3(28),,1015.8,1005.1,14.2,34.6(04),17.8,10.0,0.0,,,3.0,,65.0,,7.0,8.8(31),,146.0,2.0,0.0,1519.0,86.0,7.0,0.0,6.0,0.0,18.4,0.0,20.9,27.4,0.0,991.4(13),5.0,40042.0
Cordoba,2016-11,5402,31.1(25),,75.0,0.0,2.0,5.9,1017.7(09),1.0,1016.8,1005.7,8.1,27.4(02),16.7,0.0,0.0,,22/19.7(21),4.0,,58.0,0.0,10.0,3.3(17),172.0,114.0,1.0,1.0,691.0,109.3,10.0,0.0,7.0,0.0,12.3,0.0,13.5,18.8,0.0,991.3(22),8.0,26738.0
Cordoba,2016-12,5402,17.0(14),,79.0,0.0,2.0,6.1,1026.9(24),0.0,1025.7,1014.4,5.6,20.9(06),13.0,0.0,0.0,,08/15.0(17),2.0,,64.0,0.0,6.0,0.0(31),140.0,105.0,0.0,1.0,471.0,39.9,8.0,0.0,6.0,1.0,12.0,0.0,11.4,17.1,0.0,997.0(03),4.0,25466.0
Cordoba,2016-13,5402,36.9(04/abr),,,2.0,17.0,8.4,,,,,,,,,0.0,,,24.0,,67.0,,81.0,,,,5.0,9.0,23569.0,594.8,85.0,5.0,,,,0.0,,,0.0,,62.0,626814.0
Cordoba,2017-1,5402,10.1(26),,70.0,0.0,1.0,7.2,1021.0(15),0.0,1023.0,1011.7,1.3,21.2(31),6.2,0.0,0.0,,99/12.8(18),1.0,,73.0,0.0,2.0,-2.9(18),128.0,79.0,0.0,0.0,656.0,14.1,2.0,0.0,6.0,10.0,9.8,0.0,8.7,16.0,0.0,998.2(26),2.0,30998.0
Cordoba,2017-2,5402,12.5(18),,73.0,0.0,1.0,4.2,1021.6(06),1.0,1019.6,1008.5,6.9,23.2(22),12.7,0.0,0.0,,29/15.6(05),2.0,,39.0,0.0,10.0,1.1(09),192.0,108.0,0.0,0.0,715.0,47.4,11.0,0.0,9.0,0.0,12.0,0.0,12.4,17.9,0.0,986.4(12),8.0,22993.0
Cordoba,2017-3,5402,22.0(04),,62.0,0.0,3.0,6.9,1018.0(07),,1020.1,1009.1,7.3,29.6(10),11.6,0.0,0.0,,,1.0,,58.0,,10.0,1.9(24),,105.0,0.0,3.0,1323.0,49.4,10.0,0.0,8.0,0.0,14.3,0.0,14.8,22.2,0.0,999.5(26),8.0,48570.0
Cordoba,2017-4,5402,33.1(27),,51.0,0.0,0.0,8.2,1014.0(01),0.0,1016.7,1005.9,10.1,34.0(18),14.2,6.0,0.0,,05/11.7(06),3.0,,63.0,0.0,5.0,5.1(02),177.0,111.0,1.0,0.0,1902.0,63.5,5.0,0.0,8.0,0.0,15.0,0.0,18.5,26.9,0.0,997.5(26),4.0,64432.0
Cordoba,2017-5,5402,20.1(10),,51.0,0.0,0.0,9.5,1015.0(15),,1015.0,1004.3,13.6,36.3(24),17.8,15.0,0.0,,,2.0,,67.0,,5.0,6.9(01),,137.0,0.0,0.0,2428.0,39.4,5.0,0.0,,0.0,21.2,0.0,21.6,29.7,0.0,992.3(11),4.0,77925.0
Cordoba,2017-6,5402,4.1(16),,32.0,0.0,0.0,12.1,1011.5(23),4.0,1013.8,1003.4,19.1,44.5(16),24.5,30.0,0.0,,34/18.6(25),0.0,,82.0,0.0,1.0,13.9(06),223.0,133.0,0.0,0.0,4110.0,4.1,1.0,1.0,10.0,0.0,30.0,0.0,28.4,37.7,0.0,997.2(25),1.0,86606.0
Cordoba,2017-7,5402,3.2(05),,32.0,0.0,0.0,11.6,1011.0(02),0.0,1013.6,1003.3,19.2,46.9(13),22.7,30.0,0.0,,24/12.8(05),0.0,,80.0,0.0,2.0,15.2(02),213.0,130.0,0.0,0.0,4472.0,6.2,3.0,0.0,10.0,0.0,25.3,0.0,28.9,38.6,0.0,997.2(30),2.0,84952.0
Cordoba,2017-8,5402,3.5(28),,32.0,0.0,0.0,10.9,1008.9(11),0.0,1014.0,1003.7,19.9,44.7(04),23.5,28.0,0.0,,26/12.5(08),0.0,,80.0,0.0,2.0,16.2(29),151.0,129.0,0.0,0.0,3772.0,4.4,3.0,1.0,7.0,0.0,24.1,0.0,29.4,38.8,0.0,999.1(05),1.0,73907.0
Cordoba,2017-9,5402,0.0(--),1.0,36.0,0.0,0.0,9.2,1011.9(28),0.0,1016.3,1005.8,15.9,39.5(06),20.5,28.0,0.0,17.0,99/11.7(09),0.0,12.0,74.0,0.0,0.0,11.0(16),139.0,118.0,0.0,0.0,3051.0,0.0,0.0,0.0,6.0,0.0,28.3,0.0,25.2,34.5,0.0,997.2(09),0.0,61649.0
Cordoba,2017-10,5402,18.0(17),1.0,47.0,0.0,0.0,8.6,1016.6(27),0.0,1020.1,1009.4,14.0,35.7(14),17.4,20.0,0.0,19.0,18/10.3(04),2.0,9.0,77.0,0.0,2.0,8.6(30),116.0,119.0,0.0,0.0,1992.0,30.9,2.0,1.0,5.0,0.0,20.9,0.0,22.7,31.4,0.0,1000.5(19),2.0,45660.0
Cordoba,2017-11,5402,30.8(03),,62.0,0.0,1.0,7.5,1018.9(10),0.0,1020.2,1009.1,6.0,27.4(01),13.5,0.0,0.0,,24/12.8(04),2.0,,73.0,0.0,4.0,2.0(10),127.0,94.0,1.0,1.0,1002.0,51.3,4.0,0.0,6.0,0.0,15.5,0.0,13.7,21.3,0.0,994.4(29),3.0,31635.0
Cordoba,2017-12,5402,13.3(10),,77.0,0.0,2.0,5.8,1028.1(22),,1026.7,1015.3,3.3,20.5(30),13.1,0.0,0.0,,,1.0,,60.0,,7.0,-1.6(03),,91.0,0.0,0.0,727.0,31.2,8.0,0.0,6.0,6.0,11.8,0.0,9.4,15.5,1.0,984.6(11),5.0,25347.0
Cordoba,2017-13,5402,33.1(27/abr),,52.0,0.0,8.0,8.5,1028.1(22/dic),,1018.3,1007.5,11.4,46.9(13/jul),24.5,157.0,0.0,,,14.0,,69.0,,50.0,-2.9(18/ene),,113.0,2.0,4.0,26150.0,341.9,54.0,3.0,,16.0,9.8,0.0,19.5,27.5,1.0,984.6(11/dic),40.0,654674.0
Cordoba,2018-1,5402,14.3(05),,79.0,0.0,7.0,5.1,1026.6(02),2.0,1024.4,1013.1,3.4,21.6(23),12.1,0.0,0.0,,08/18.9(28),2.0,,51.0,0.0,10.0,-0.4(09),139.0,95.0,0.0,5.0,603.0,47.3,10.0,0.0,7.0,2.0,7.5,0.0,9.4,15.3,1.0,989.0(06),8.0,24692.0
Cordoba,2018-2,5402,14.7(28),,66.0,0.0,1.0,7.1,1016.6(15),2.0,1015.2,1004.0,2.2,22.9(16),12.1,0.0,0.0,,21/18.6(28),1.0,,66.0,0.0,7.0,-3.1(09),167.0,79.0,0.0,1.0,875.0,28.0,7.0,0.0,7.0,9.0,8.7,0.0,9.5,16.7,0.0,984.0(28),4.0,33762.0
Cordoba,2018-3,5402,25.9(02),,76.0,0.0,3.0,5.8,1017.4(27),11.0,1012.0,1001.0,7.1,25.4(28),13.4,0.0,0.0,,22/23.6(01),8.0,,48.0,0.0,23.0,0.5(22),314.0,113.0,0.0,2.0,1015.0,215.9,23.0,3.0,14.0,0.0,12.9,0.0,12.2,17.3,0.0,977.0(01),20.0,39454.0
Cordoba,2018-4,5402,18.3(10),6.0,,,,9.2,1013.5(17),,1013.4,1002.6,9.6,29.8(24),16.1,0.0,0.0,4.0,,2.0,20.0,70.0,,12.0,4.6(14),,123.0,0.0,1.0,1541.0,54.2,,,12.0,0.0,13.5,,16.2,22.8,0.0,986.9(10),6.0,56983.0
Cordoba,2018-5,5402,19.1(06),5.0,54.0,0.0,5.0,9.2,1011.5(13),0.0,1014.5,1003.8,12.0,31.1(16),16.2,2.0,0.0,5.0,20/13.9(28),1.0,21.0,65.0,0.0,8.0,5.0(02),197.0,127.0,0.0,1.0,2081.0,25.6,13.0,3.0,9.0,0.0,17.5,0.0,19.5,27.0,0.0,997.5(16),3.0,
Cordoba,2018-6,5402,3.2(08),4.0,44.0,0.0,0.0,10.2,1009.0(07),0.0,1014.3,1003.8,16.9,40.0(18),20.9,19.0,0.0,10.0,26/13.3(30),0.0,16.0,69.0,0.0,2.0,12.8(12),247.0,138.0,0.0,0.0,3075.0,3.3,2.0,0.0,11.0,0.0,20.4,0.0,24.6,32.3,0.0,994.6(29),1.0,
Cordoba,2018-7,5402,0.0(--),0.0,37.0,0.0,0.0,12.3,1010.6(05),0.0,1014.7,1004.3,17.8,40.5(31),20.2,29.0,0.0,27.0,26/11.4(14),0.0,4.0,85.0,0.0,0.0,16.3(03),242.0,136.0,0.0,0.0,3865.0,0.0,0.0,0.0,11.0,0.0,29.5,0.0,26.6,35.4,0.0,999.4(27),0.0,89821.0
Cordoba,2018-8,5402,0.0(--),0.0,33.0,0.0,0.0,11.6,1008.8(11),0.0,1013.6,1003.2,20.7,45.1(04),24.0,31.0,0.0,24.0,25/12.8(08),0.0,7.0,85.0,0.0,0.0,16.5(10),215.0,140.0,0.0,0.0,4220.0,0.0,0.0,1.0,9.0,0.0,33.1,0.0,30.0,39.1,0.0,996.9(07),0.0,74948.0
Cordoba,2018-9,5402,25.1(26),3.0,51.0,0.0,0.0,9.2,1015.0(27),0.0,1016.7,1006.2,19.1,41.0(02),21.0,29.0,0.0,12.0,11/15.0(15),1.0,15.0,74.0,0.0,5.0,16.7(10),182.0,172.0,0.0,0.0,2362.0,42.2,6.0,4.0,7.0,0.0,23.1,0.0,26.7,34.3,0.0,999.0(02),4.0,55381.0
Cordoba,2018-10,5402,25.1(30),,64.0,1.0,2.0,,1015.3(24),0.0,1014.0,1003.2,13.0,34.0(01),19.1,9.0,0.0,,18/13.3(30),5.0,,,0.0,13.0,4.6(29),201.0,136.0,0.0,0.0,1502.0,122.7,15.0,2.0,9.0,0.0,13.2,0.0,19.2,25.3,0.0,989.8(30),12.0,39227.0
Cordoba,2018-11,5402,20.8(25),,82.0,0.0,1.0,5.7,1015.2(28),1.0,1016.6,1005.6,8.7,22.7(16),13.6,0.0,0.0,,32/17.5(08),5.0,,56.0,0.0,15.0,3.3(29),177.0,127.0,0.0,0.0,548.0,101.5,15.0,0.0,8.0,0.0,14.6,0.0,13.4,18.1,0.0,990.3(19),12.0,24247.0
Cordoba,2018-12,5402,5.2(18),,78.0,0.0,1.0,8.0,1023.3(21),1.0,1026.8,1015.5,4.4,23.8(06),8.4,0.0,0.0,,26/29.2(13),0.0,,84.0,1.0,4.0,0.0(31),149.0,100.0,0.0,1.0,591.0,12.3,5.0,0.0,6.0,1.0,10.3,0.0,11.1,17.7,0.0,1000.2(13),3.0,27358.0
Cordoba,2018-13,5402,25.9(02/mar),,,,,,1026.6(02/ene),,1016.4,1005.5,11.2,45.1(04/ago),24.0,119.0,0.0,,,25.0,,,,99.0,-3.1(09/feb),,124.0,0.0,11.0,22278.0,653.0,,,9.0,12.0,7.5,,18.2,25.1,1.0,977.0(01/mar),73.0,
Cordoba,2019-1,5402,26.4(31),,70.0,0.0,1.0,7.7,1024.0(05),0.0,1022.3,1011.1,1.7,21.4(26),11.9,0.0,0.0,,24/15.0(31),1.0,,78.0,0.0,3.0,-2.5(11),203.0,80.0,0.0,0.0,823.0,37.2,3.0,0.0,9.0,13.0,11.6,0.0,8.9,16.1,0.0,993.6(31),3.0,30143.0
Cordoba,2019-2,5402,0.5(01),,64.0,0.0,0.0,9.3,1021.2(25),1.0,1024.9,1013.7,3.2,24.8(28),6.8,0.0,0.0,,23/17.5(01),0.0,,86.0,0.0,1.0,-0.3(03),155.0,86.0,0.0,0.0,937.0,0.5,3.0,1.0,6.0,2.0,13.4,0.0,11.7,20.1,0.0,987.5(01),0.0,35707.0
Cordoba,2019-3,5402,12.1(06),,54.0,0.0,0.0,,1021.4(09),1.0,1022.4,1011.1,5.9,28.2(26),12.5,0.0,0.0,,23/21.1(06),1.0,,,0.0,5.0,2.6(22),209.0,89.0,0.0,0.0,1761.0,16.0,5.0,1.0,10.0,0.0,17.2,0.0,14.6,23.5,0.0,998.3(06),3.0,57646.0
Cordoba,2019-4,5402,11.7(07),8.0,61.0,0.0,1.0,10.5,1015.2(26),3.0,1013.7,1002.8,8.6,31.3(30),13.5,2.0,0.0,4.0,29/18.9(23),1.0,18.0,80.0,0.0,15.0,4.6(04),260.0,109.0,0.0,0.0,1603.0,51.9,15.0,3.0,13.0,0.0,15.5,0.0,15.5,22.4,0.0,987.7(23),11.0,57815.0
Cordoba,2019-5,5402,0.0(--),1.0,38.0,0.0,0.0,12.6,1011.4(30),1.0,1013.8,1003.3,13.7,37.1(28),18.6,20.0,0.0,12.0,23/17.5(16),0.0,18.0,89.0,0.0,0.0,11.0(13),239.0,109.0,0.0,0.0,3451.0,0.0,0.0,0.0,11.0,0.0,25.0,0.0,22.6,31.5,0.0,995.0(16),0.0,83446.0
Cordoba,2019-6,5402,0.0(--),0.0,35.0,0.0,0.0,13.3,1009.8(15),0.0,1014.0,1003.5,15.8,40.4(29),21.0,26.0,0.0,16.0,99/13.3(14),0.0,14.0,90.0,0.0,0.0,11.0(06),272.0,117.0,0.0,0.0,3680.0,0.0,0.0,0.0,13.0,0.0,27.1,0.0,24.4,32.9,0.0,996.6(13),0.0,84747.0
Cordoba,2019-7,5402,0.0(--),0.0,39.0,0.0,0.0,13.0,1008.0(01),1.0,1012.6,1002.3,19.8,41.8(11),23.9,31.0,0.0,17.0,23/16.1(23),0.0,14.0,90.0,0.0,0.0,16.5(08),283.0,151.0,0.0,0.0,4163.0,0.0,1.0,0.0,13.0,0.0,30.7,0.0,28.1,36.4,0.0,996.9(28),0.0,84783.0
Cordoba,2019-8,5402,11.4(26),2.0,33.0,1.0,0.0,,1009.0(30),1.0,1013.9,1003.5,19.9,41.4(17),22.6,29.0,0.0,23.0,20/18.6(26),1.0,6.0,,0.0,1.0,17.2(12),218.0,134.0,0.0,0.0,3886.0,11.4,0.0,1.0,9.0,0.0,32.1,0.0,28.8,37.6,0.0,998.5(06),1.0,79103.0
Cordoba,2019-9,5402,8.1(14),3.0,46.0,0.0,1.0,10.5,1013.2(12),0.0,1016.1,1005.6,17.8,39.1(02),22.6,22.0,0.0,9.0,08/14.4(12),0.0,18.0,84.0,0.0,4.0,12.6(23),201.0,145.0,0.0,0.0,2544.0,12.3,6.0,1.0,9.0,0.0,26.2,0.0,25.2,32.5,0.0,999.7(01),3.0,56185.0
Cordoba,2019-10,5402,4.6(19),4.0,53.0,0.0,0.0,9.6,1015.3(31),1.0,1017.1,1006.3,12.5,35.1(07),19.7,13.0,0.0,10.0,21/16.1(19),0.0,17.0,86.0,0.0,3.0,6.5(16),188.0,121.0,0.0,0.0,1732.0,6.4,5.0,0.0,8.0,0.0,15.2,0.0,20.1,27.7,0.0,996.4(19),2.0,45272.0
Cordoba,2019-11,5402,34.5(22),10.0,73.0,0.0,3.0,6.3,1014.9(09),2.0,1016.0,1005.0,8.5,26.7(01),18.2,0.0,0.0,5.0,22/18.9(22),2.0,13.0,62.0,0.0,16.0,-1.8(16),234.0,114.0,1.0,3.0,929.0,73.0,18.0,0.0,10.0,1.0,9.8,0.0,13.1,17.7,0.0,985.1(22),9.0,23498.0
Cordoba,2019-12,5402,50.3(19),8.0,77.0,0.0,2.0,6.6,1022.3(31),3.0,1020.7,1009.6,7.7,21.2(16),16.5,0.0,0.0,8.0,22/22.8(19),3.0,15.0,68.0,0.0,9.0,1.9(12),237.0,113.0,2.0,2.0,541.0,130.8,9.0,0.0,10.0,0.0,13.7,0.0,12.6,17.5,0.0,987.9(16),6.0,23608.0
Cordoba,2019-13,5402,50.3(19/dic),,54.0,1.0,8.0,,1024.0(05/ene),14.0,1017.3,1006.5,11.3,41.8(11/jul),23.9,143.0,0.0,,22/22.8(19/dic),9.0,,,0.0,57.0,-2.5(11/ene),225.0,114.0,3.0,5.0,26050.0,339.5,65.0,7.0,10.0,16.0,9.8,0.0,18.8,26.3,0.0,985.1(22/nov),38.0,661953.0
Cordoba,2020-1,5402,11.0(24),9.0,77.0,0.0,2.0,6.5,1023.7(03),1.0,1026.2,1015.0,4.8,19.1(29),10.4,0.0,0.0,10.0,04/16.9(20),1.0,12.0,66.0,0.0,6.0,0.0(12),167.0,96.0,0.0,2.0,433.0,44.9,7.0,0.0,7.0,1.0,11.3,0.0,10.2,15.5,0.0,1000.9(21),6.0,25998.0
Cordoba,2020-2,5402,0.6(29),3.0,68.0,0.0,1.0,9.2,1023.6(10),0.0,1026.2,1015.1,6.7,25.4(04),11.7,0.0,0.0,11.0,99/10.8(29),0.0,15.0,85.0,0.0,2.0,2.3(24),153.0,112.0,0.0,0.0,840.0,0.7,2.0,0.0,7.0,0.0,16.9,0.0,14.2,21.5,0.0,1006.2(28),0.0,38520.0
Cordoba,2020-3,5402,22.7(30),4.0,66.0,0.0,2.0,,1017.2(09),3.0,1017.1,1006.2,7.8,29.0(10),14.1,0.0,0.0,2.0,99/16.1(18),1.0,24.0,,0.0,10.0,2.0(07),252.0,109.0,0.0,1.0,1312.0,49.8,12.0,0.0,11.0,0.0,15.9,0.0,14.7,21.4,0.0,992.2(31),8.0,47771.0
Cordoba,2020-4,5402,18.4(25),,71.0,0.0,0.0,9.3,1013.0(07),,1015.1,1004.3,11.3,26.8(23),14.3,0.0,,,,1.0,,70.0,,14.0,6.6(03),,139.0,0.0,,,68.9,18.0,0.0,8.0,0.0,17.3,0.0,16.8,22.3,,995.3(13),11.0,49922.0
Cordoba,2020-5,5402,7.1(09),,50.0,,,10.2,1013.5(23),,1015.3,1004.7,14.0,38.0(23),16.8,20.0,,,,0.0,,72.0,,9.0,9.4(15),,138.0,0.0,,,22.2,,,9.0,0.0,20.3,,22.4,30.7,,993.0(13),6.0,76370.0
Cordoba,2020-6,5402,0.0(--),0.0,39.0,0.0,0.0,12.5,1012.6(15),2.0,1014.1,1003.6,16.4,40.8(22),20.8,24.0,0.0,14.0,22/17.5(11),0.0,16.0,85.0,0.0,0.0,12.5(13),299.0,126.0,0.0,0.0,3732.0,0.0,0.0,0.0,14.0,0.0,26.3,0.0,24.7,33.1,0.0,996.7(06),0.0,87471.0
Cordoba,2020-7,5402,1.2(21),0.0,31.0,0.0,0.0,12.8,1009.4(04),,1012.6,1002.4,21.7,43.9(26),24.6,31.0,0.0,26.0,,0.0,5.0,88.0,,1.0,17.3(03),,143.0,0.0,0.0,4546.0,1.2,1.0,1.0,10.0,0.0,35.5,0.0,30.8,39.8,0.0,997.4(14),1.0,84484.0
Cordoba,2020-8,5402,57.6(11),0.0,36.0,1.0,0.0,11.6,1009.7(22),2.0,1012.5,1002.2,19.5,43.9(01),24.3,31.0,0.0,22.0,17/18.1(08),1.0,9.0,86.0,0.0,4.0,13.8(31),223.0,139.0,1.0,0.0,3334.0,58.6,4.0,1.0,10.0,0.0,30.6,0.0,28.4,37.2,0.0,994.4(28),1.0,78532.0
Cordoba,2020-9,5402,14.2(18),4.0,45.0,0.0,0.0,9.1,1012.3(25),1.0,1016.0,1005.4,16.8,37.8(12),20.9,21.0,0.0,8.0,25/19.7(18),1.0,18.0,73.0,0.0,3.0,9.6(26),187.0,138.0,0.0,0.0,2271.0,15.1,3.0,1.0,8.0,0.0,24.8,0.0,24.7,32.5,0.0,999.0(17),1.0,55672.0
Cordoba,2020-10,5402,16.3(21),,55.0,0.0,1.0,8.6,1017.5(24),3.0,1018.3,1007.4,10.1,33.0(08),17.3,5.0,0.0,,22/25.3(20),2.0,,77.0,1.0,5.0,5.3(27),200.0,110.0,0.0,0.0,,49.0,6.0,0.0,8.0,0.0,18.5,0.0,17.9,25.6,0.0,990.6(02),5.0,43979.0
Cordoba,2020-11,5402,34.2(25),,78.0,0.0,3.0,5.9,1018.2(19),1.0,1020.5,1009.5,9.6,28.9(01),14.6,0.0,0.0,,24/16.1(25),4.0,,58.0,0.0,12.0,3.1(24),171.0,132.0,1.0,0.0,,101.9,12.0,3.0,7.0,0.0,11.7,0.0,15.3,20.8,0.0,995.0(27),7.0,27122.0
Cordoba,2020-12,5402,8.5(19),,82.0,0.0,5.0,5.0,1020.3(21),0.0,1018.9,1007.7,5.1,20.3(12),15.2,0.0,0.0,,27/12.8(08),0.0,,52.0,0.0,14.0,-2.5(31),207.0,106.0,0.0,0.0,,36.3,13.0,0.0,9.0,4.0,11.1,0.0,10.1,15.1,0.0,989.7(04),9.0,22731.0
Cordoba,2020-13,5402,57.6(11/ago),,58.0,,,,1023.7(03/ene),,1017.7,1007.0,12.0,43.9(26/jul),24.6,132.0,,,,11.0,,,,80.0,-2.5(31/dic),,124.0,2.0,,,448.6,,,9.0,5.0,11.1,,19.2,26.3,,989.7(04/dic),55.0,638572.0
